product_id,name,expected_image,suffix,duplicate_suffix_count,candidate_count,selected_candidate,selected_key,selected_image_url,notes,candidate_1_key,candidate_1_last_modified,candidate_1_size,candidate_2_key,candidate_2_last_modified,candidate_2_size,candidate_3_key,candidate_3_last_modified,candidate_3_size,candidate_4_key,candidate_4_last_modified,candidate_4_size,candidate_5_key,candidate_5_last_modified,candidate_5_size,candidate_6_key,candidate_6_last_modified,candidate_6_size,candidate_7_key,candidate_7_last_modified,candidate_7_size,candidate_8_key,candidate_8_last_modified,candidate_8_size,candidate_9_key,candidate_9_last_modified,candidate_9_size,candidate_10_key,candidate_10_last_modified,candidate_10_size,candidate_11_key,candidate_11_last_modified,candidate_11_size,candidate_12_key,candidate_12_last_modified,candidate_12_size
1,신선한 사과 500g,products/apple/Image_27.jpg,Image_27.jpg,3,6,,,,,products/65ae8226983b4f7e813896739ae57a66_Image_27.jpg,2026-03-12T03:02:40+00:00,48443,products/f1725f15c845451289d14f5550fee999_Image_27.jpg,2026-03-12T03:02:45+00:00,1035172,products/37899ae1307e46c3a1c537b9e929a3b6_Image_27.jpg,2026-03-12T03:02:56+00:00,92021,products/243a48dcc9dc44deb0f0d66f7bbb08da_Image_27.jpg,2026-03-12T03:24:10+00:00,48443,products/1f9c2b19d0884145916a2262177a4f3a_Image_27.jpg,2026-03-12T03:24:14+00:00,1035172,products/af0635e08203496b8e677aa0d0e18b97_Image_27.jpg,2026-03-12T03:24:27+00:00,92021,,,,,,,,,,,,,,,,,,
2,국내산 사과 500g,products/apple/Image_34.jpg,Image_34.jpg,1,2,,products/8c1e05e776b74c06809abc6094f99265_Image_34.jpg,,auto-selected latest candidate for unique suffix,products/9580a27ecad643b993aa65b5a360e712_Image_34.jpg,2026-03-12T03:02:41+00:00,7736185,products/8c1e05e776b74c06809abc6094f99265_Image_34.jpg,2026-03-12T03:24:10+00:00,7736185,,,,,,,,,,,,,,,,,,,,,,,,,,,,,,
3,프리미엄 사과 500g,products/apple/Image_56.jpg,Image_56.jpg,3,6,,,,,products/11bee58488b74462bc7fa8a5d0d58b04_Image_56.jpg,2026-03-12T03:02:41+00:00,10580,products/7dfc387eb5ba46b7820c4de17925b034_Image_56.jpg,2026-03-12T03:02:43+00:00,662231,products/ae9ab8fd10154667bf7020ee37b076e5_Image_56.jpg,2026-03-12T03:02:57+00:00,579940,products/81ac6eec5e1f4c29b008fe26aa6af752_Image_56.jpg,2026-03-12T03:24:10+00:00,10580,products/08af3aa234e54ef7a2e2456928740ee6_Image_56.jpg,2026-03-12T03:24:13+00:00,662231,products/83aaa4bd60214c729af92ba1aa66a131_Image_56.jpg,2026-03-12T03:24:30+00:00,579940,,,,,,,,,,,,,,,,,,
4,고당도 사과 500g,products/apple/Image_60.jpg,Image_60.jpg,3,6,,,,,products/d4b6152c94854f53b2cb5607910d79bc_Image_60.jpg,2026-03-12T03:02:41+00:00,3868662,products/6765de16169c490193fcbb829225a625_Image_60.jpg,2026-03-12T03:02:45+00:00,68341,products/9c65aff807434d0f89597743fc40e873_Image_60.jpg,2026-03-12T03:02:46+00:00,111461,products/8092ed3e8fb040219151ce99fb71727d_Image_60.jpg,2026-03-12T03:24:10+00:00,3868662,products/2e621a0fa94c48a88d3bf8ceabd54d80_Image_60.jpg,2026-03-12T03:24:14+00:00,68341,products/b203c5045adc45268328515d840b9555_Image_60.jpg,2026-03-12T03:24:16+00:00,111461,,,,,,,,,,,,,,,,,,
5,유기농 사과 1kg,products/apple/Image_86.jpg,Image_86.jpg,1,2,,products/aa09abf2d3b24d1aa7b1034c8a0d8a87_Image_86.jpg,,auto-selected latest candidate for unique suffix,products/08a036d422664e269908ac33f2cf8674_Image_86.jpg,2026-03-12T03:02:41+00:00,507611,products/aa09abf2d3b24d1aa7b1034c8a0d8a87_Image_86.jpg,2026-03-12T03:24:11+00:00,507611,,,,,,,,,,,,,,,,,,,,,,,,,,,,,,
6,신선한 바나나 1kg,products/banana/Image_47.jpg,Image_47.jpg,1,2,,products/c7602face776482bbda09f288b42ef60_Image_47.jpg,,auto-selected latest candidate for unique suffix,products/e05705c42e9d45ddbeec586cbd6014f3_Image_47.jpg,2026-03-12T03:02:41+00:00,954154,products/c7602face776482bbda09f288b42ef60_Image_47.jpg,2026-03-12T03:24:11+00:00,954154,,,,,,,,,,,,,,,,,,,,,,,,,,,,,,
7,프리미엄 바나나 1kg,products/banana/Image_50.jpg,Image_50.jpg,2,4,,,,,products/72057bf96bb349faaec4b14232bb1565_Image_50.jpg,2026-03-12T03:02:42+00:00,229299,products/eb97234e51fb4f99a2a8b0d6ad16dfa5_Image_50.jpg,2026-03-12T03:02:59+00:00,186553,products/791f7758f2a147009638aca553b72aa5_Image_50.jpg,2026-03-12T03:24:11+00:00,229299,products/6e3dbde5ce124a73b2a584995dd1473c_Image_50.jpg,2026-03-12T03:24:32+00:00,186553,,,,,,,,,,,,,,,,,,,,,,,,
8,유기농 바나나 500g,products/banana/Image_82.jpg,Image_82.jpg,3,6,,,,,products/fea170ad90654729a921c8f822facf14_Image_82.jpg,2026-03-12T03:02:42+00:00,58451,products/2920afc26abe4bfc8195bc68dd979fe9_Image_82.jpg,2026-03-12T03:02:53+00:00,146780,products/186d41d419044e85a7f0eaae259d0ba0_Image_82.jpg,2026-03-12T03:03:01+00:00,48989,products/ba5bdb54eaa0454488dc057eda6e1835_Image_82.jpg,2026-03-12T03:24:11+00:00,58451,products/e84d0ab12ff6411b95e88dc76dce73f2_Image_82.jpg,2026-03-12T03:24:24+00:00,146780,products/cb9c9137c0be4f56a56e6f82c64698fd_Image_82.jpg,2026-03-12T03:24:34+00:00,48989,,,,,,,,,,,,,,,,,,
9,고당도 바나나 1kg,products/banana/Image_83.png,Image_83.png,1,2,,products/55df85c2203f45cabdde88007201ce58_Image_83.png,,auto-selected latest candidate for unique suffix,products/01d5a2f0ef52442c8776b00d5f9d43d4_Image_83.png,2026-03-12T03:02:42+00:00,150527,products/55df85c2203f45cabdde88007201ce58_Image_83.png,2026-03-12T03:24:11+00:00,150527,,,,,,,,,,,,,,,,,,,,,,,,,,,,,,
10,국내산 바나나 1kg,products/banana/Image_93.jpg,Image_93.jpg,2,4,,,,,products/b6ffe783c3f1463d989b5d9210dc6ffb_Image_93.jpg,2026-03-12T03:02:42+00:00,61306,products/252f43cca1904d1e8936c5cc78692890_Image_93.jpg,2026-03-12T03:02:57+00:00,176402,products/e5635f81814f4279a048a80d82fbb7c3_Image_93.jpg,2026-03-12T03:24:11+00:00,61306,products/db0e085e40bf46d3a225c15a0afceb2a_Image_93.jpg,2026-03-12T03:24:29+00:00,176402,,,,,,,,,,,,,,,,,,,,,,,,
11,프리미엄 비트 1kg,products/beetroot/Image_12.jpg,Image_12.jpg,3,6,,,,,products/71aafb72368546599387e6156a82ee7c_Image_12.jpg,2026-03-12T03:02:42+00:00,920205,products/d17fa0010f6448d79088f7cd1b6e4ee8_Image_12.jpg,2026-03-12T03:02:47+00:00,81595,products/92c3bb9ee7a8417794a596da25181a52_Image_12.jpg,2026-03-12T03:02:51+00:00,2531152,products/d3e2ac19d9c148dd9a8d097d1281b78a_Image_12.jpg,2026-03-12T03:24:11+00:00,920205,products/08a82a3e940345baa7de3d230343f934_Image_12.jpg,2026-03-12T03:24:18+00:00,81595,products/1bef4d59bdd2455fab9f624b6bf0bab3_Image_12.jpg,2026-03-12T03:24:22+00:00,2531152,,,,,,,,,,,,,,,,,,
12,고당도 비트 500g,products/beetroot/Image_17.jpg,Image_17.jpg,3,6,,,,,products/81dc094e14854eaeb9d7e96475fe24b7_Image_17.jpg,2026-03-12T03:02:42+00:00,73475,products/93643d155bb9423cbcbf64a55ad322e4_Image_17.jpg,2026-03-12T03:02:48+00:00,657034,products/3f44c42948a149d481e751b8025d6d26_Image_17.jpg,2026-03-12T03:02:58+00:00,65680,products/c3e8ae596e8e44c2b26c3d540df2b99b_Image_17.jpg,2026-03-12T03:24:12+00:00,73475,products/f48883195a6a4078912352f6f2dd2989_Image_17.jpg,2026-03-12T03:24:19+00:00,657034,products/c5a55433717e4f7f81295d121329d763_Image_17.jpg,2026-03-12T03:24:30+00:00,65680,,,,,,,,,,,,,,,,,,
13,신선한 비트 500g,products/beetroot/Image_46.jpg,Image_46.jpg,1,2,,products/7bfb160091734e1aaf6372346b19f186_Image_46.jpg,,auto-selected latest candidate for unique suffix,products/448193e06dcf4e36a5ad85aa6513ac0c_Image_46.jpg,2026-03-12T03:02:42+00:00,190760,products/7bfb160091734e1aaf6372346b19f186_Image_46.jpg,2026-03-12T03:24:12+00:00,190760,,,,,,,,,,,,,,,,,,,,,,,,,,,,,,
14,국내산 비트 1kg,products/beetroot/Image_55.jpg,Image_55.jpg,2,4,,,,,products/b4ad28f5662b49819cac4716b55cfc80_Image_55.jpg,2026-03-12T03:02:42+00:00,121801,products/3713f4e1e92148dd85d881eb131c7cbd_Image_55.jpg,2026-03-12T03:03:01+00:00,68785,products/6e3d7aef1f5c4d44815e37fad1672c5e_Image_55.jpg,2026-03-12T03:24:12+00:00,121801,products/e20ed6cc232f4d36abfed7cb98784c74_Image_55.jpg,2026-03-12T03:24:34+00:00,68785,,,,,,,,,,,,,,,,,,,,,,,,
15,유기농 비트 500g,products/beetroot/Image_76.jpg,Image_76.jpg,1,2,,products/f632283aeaf540509769b961fd1c5547_Image_76.jpg,,auto-selected latest candidate for unique suffix,products/3817b1b0c5c14109b087586ef467b138_Image_76.jpg,2026-03-12T03:02:42+00:00,180338,products/f632283aeaf540509769b961fd1c5547_Image_76.jpg,2026-03-12T03:24:12+00:00,180338,,,,,,,,,,,,,,,,,,,,,,,,,,,,,,
16,국내산 피망 1kg,products/bell_pepper/Image_43.jpg,Image_43.jpg,2,4,,,,,products/491b930b95d240db8c1b000a1d37cdc4_Image_43.jpg,2026-03-12T03:02:42+00:00,82805,products/1cce7cb1816c465e9d49a89d3eb62ada_Image_43.jpg,2026-03-12T03:02:48+00:00,57518,products/ed7b6793e6b942208cc2279689c94165_Image_43.jpg,2026-03-12T03:24:12+00:00,82805,products/cb6618bd5ba34b2598432f4a8a1653ef_Image_43.jpg,2026-03-12T03:24:19+00:00,57518,,,,,,,,,,,,,,,,,,,,,,,,
17,유기농 피망 500g,products/bell_pepper/Image_57.jpg,Image_57.jpg,3,6,,,,,products/a4676700710549e4a6949940e308928d_Image_57.jpg,2026-03-12T03:02:42+00:00,147485,products/9b3059684fb1452c86eacda5b8b64bd3_Image_57.jpg,2026-03-12T03:02:50+00:00,76001,products/27cdf0389d5845d0aef23b3c873c6b5e_Image_57.jpg,2026-03-12T03:02:56+00:00,123507,products/332f50ed4d6a4a818a5c56aeb7e8645a_Image_57.jpg,2026-03-12T03:24:12+00:00,147485,products/d5fb638f0e6a4b90826989cc41672e3a_Image_57.jpg,2026-03-12T03:24:20+00:00,76001,products/5b8282a6bdf04950b84f693df4b06300_Image_57.jpg,2026-03-12T03:24:28+00:00,123507,,,,,,,,,,,,,,,,,,
18,신선한 피망 1kg,products/bell_pepper/Image_63.jpg,Image_63.jpg,3,6,,,,,products/e7c9bf45cd5f4029b57ffbbc1f837cd3_Image_63.jpg,2026-03-12T03:02:42+00:00,146957,products/455fbb0a31f44f1c9dd046654f8dd038_Image_63.jpg,2026-03-12T03:02:48+00:00,159685,products/7a530076fad04adc9c84c017090f61c2_Image_63.jpg,2026-03-12T03:02:49+00:00,12944904,products/07166304d72841e2a1302f740c6e0fce_Image_63.jpg,2026-03-12T03:24:12+00:00,146957,products/a4e47adfd8354a7fa3e72b811711716b_Image_63.jpg,2026-03-12T03:24:18+00:00,159685,products/8b537143662b41ad81dc7daee797b25b_Image_63.jpg,2026-03-12T03:24:19+00:00,12944904,,,,,,,,,,,,,,,,,,
19,고당도 피망 1kg,products/bell_pepper/Image_94.jpg,Image_94.jpg,2,4,,,,,products/34d411ff598444ae85fc62f9851a99e5_Image_94.jpg,2026-03-12T03:02:43+00:00,4633122,products/5f985dffbedf45b384195a0a3d3f6ff6_Image_94.jpg,2026-03-12T03:02:59+00:00,311114,products/e6c5fdbe57b84fd48ef0915f0bbe0f2f_Image_94.jpg,2026-03-12T03:24:12+00:00,4633122,products/6365f79adb404eb192510ece2826bae8_Image_94.jpg,2026-03-12T03:24:31+00:00,311114,,,,,,,,,,,,,,,,,,,,,,,,
20,프리미엄 피망 500g,products/bell_pepper/Image_97.jpg,Image_97.jpg,1,2,,products/5864439da8594fcaafc645c7d712eb76_Image_97.jpg,,auto-selected latest candidate for unique suffix,products/6d72947ae2474a878d6c971312172c3b_Image_97.jpg,2026-03-12T03:02:43+00:00,4371006,products/5864439da8594fcaafc645c7d712eb76_Image_97.jpg,2026-03-12T03:24:12+00:00,4371006,,,,,,,,,,,,,,,,,,,,,,,,,,,,,,
21,프리미엄 양배추 1kg,products/cabbage/Image_1.jpg,Image_1.jpg,3,6,,,,,products/388e9f05b4024348a0bcef14552078ae_Image_1.jpg,2026-03-12T03:02:43+00:00,275867,products/b5b1f175b813457b9cfe1a451748afd5_Image_1.jpg,2026-03-12T03:02:55+00:00,300154,products/2f1c832b76c641a69e8724a48bbb5f29_Image_1.jpg,2026-03-12T03:02:58+00:00,144153,products/0fcc736047e048da8b8410dce9252afd_Image_1.jpg,2026-03-12T03:24:13+00:00,275867,products/052f57f5511b4c8097732295a695ceb7_Image_1.jpg,2026-03-12T03:24:27+00:00,300154,products/52f80ec15c1245ed84b65b296cf911d4_Image_1.jpg,2026-03-12T03:24:30+00:00,144153,,,,,,,,,,,,,,,,,,
22,유기농 양배추 1kg,products/cabbage/Image_11.jpg,Image_11.jpg,6,12,,,,,products/e2b8e81e06e640d891dffdadbb958286_Image_11.jpg,2026-03-12T03:02:43+00:00,87582,products/d19ecca3fc374fa88aac2c0452b70aeb_Image_11.jpg,2026-03-12T03:02:45+00:00,34360,products/1c219ef21c184ccfbdec74f2dde183da_Image_11.jpg,2026-03-12T03:02:53+00:00,212255,products/98242c24bfe9489188acfad172831eb6_Image_11.jpg,2026-03-12T03:02:54+00:00,641472,products/9a23f5f6c88a4c9e983e513e84c58b22_Image_11.jpg,2026-03-12T03:02:56+00:00,184748,products/9dd6c468b4eb4791a822d947c0a4c8b7_Image_11.jpg,2026-03-12T03:02:56+00:00,3114862,products/a5d217a18d304c9b9a83dc8251f2e73c_Image_11.jpg,2026-03-12T03:24:13+00:00,87582,products/aa62b690d9a642b8ac2de4a01f4b73eb_Image_11.jpg,2026-03-12T03:24:15+00:00,34360,products/e409e06a6ccd46de8d98baea4580c0e0_Image_11.jpg,2026-03-12T03:24:24+00:00,212255,products/c4e9429587af4991859e790ef27b1740_Image_11.jpg,2026-03-12T03:24:25+00:00,641472,products/2a0cf680f7bf4b58b2c331dfa01e5cf2_Image_11.jpg,2026-03-12T03:24:28+00:00,184748,products/c09a70ba1ab24cd2af2b5c7b55b952cc_Image_11.jpg,2026-03-12T03:24:28+00:00,3114862
23,국내산 양배추 500g,products/cabbage/Image_13.jpg,Image_13.jpg,1,2,,products/e23aa1725c334a9fa2960a7ac0b073fc_Image_13.jpg,,auto-selected latest candidate for unique suffix,products/8de23f90fc5d40f7b4da1bb75198988c_Image_13.jpg,2026-03-12T03:02:43+00:00,1171378,products/e23aa1725c334a9fa2960a7ac0b073fc_Image_13.jpg,2026-03-12T03:24:13+00:00,1171378,,,,,,,,,,,,,,,,,,,,,,,,,,,,,,
24,고당도 양배추 1kg,products/cabbage/Image_56.jpg,Image_56.jpg,3,6,,,,,products/11bee58488b74462bc7fa8a5d0d58b04_Image_56.jpg,2026-03-12T03:02:41+00:00,10580,products/7dfc387eb5ba46b7820c4de17925b034_Image_56.jpg,2026-03-12T03:02:43+00:00,662231,products/ae9ab8fd10154667bf7020ee37b076e5_Image_56.jpg,2026-03-12T03:02:57+00:00,579940,products/81ac6eec5e1f4c29b008fe26aa6af752_Image_56.jpg,2026-03-12T03:24:10+00:00,10580,products/08af3aa234e54ef7a2e2456928740ee6_Image_56.jpg,2026-03-12T03:24:13+00:00,662231,products/83aaa4bd60214c729af92ba1aa66a131_Image_56.jpg,2026-03-12T03:24:30+00:00,579940,,,,,,,,,,,,,,,,,,
25,신선한 양배추 500g,products/cabbage/Image_90.jpg,Image_90.jpg,2,4,,,,,products/96f3ea3574e74b838438205973942e02_Image_90.jpg,2026-03-12T03:02:43+00:00,65024,products/e4fb941c16804a01820f7cecec0b59d7_Image_90.jpg,2026-03-12T03:02:52+00:00,555838,products/b7c5e2dbfb914bcfa7a66171fda77bad_Image_90.jpg,2026-03-12T03:24:13+00:00,65024,products/0e0eaec3198a437fb917fdde71d9dd37_Image_90.jpg,2026-03-12T03:24:24+00:00,555838,,,,,,,,,,,,,,,,,,,,,,,,
26,국내산 파프리카 500g,products/capsicum/Image_11.JPG,Image_11.JPG,1,2,,products/b7d099318beb43e1991084c56f90e5e8_Image_11.JPG,,auto-selected latest candidate for unique suffix,products/f10e8a82c6494303aa4ebf45ac4488a2_Image_11.JPG,2026-03-12T03:02:44+00:00,3241048,products/b7d099318beb43e1991084c56f90e5e8_Image_11.JPG,2026-03-12T03:24:13+00:00,3241048,,,,,,,,,,,,,,,,,,,,,,,,,,,,,,
27,유기농 파프리카 500g,products/capsicum/Image_20.jpg,Image_20.jpg,4,8,,,,,products/8440febebf6d4aa7b00c6d9d7d1a72a8_Image_20.jpg,2026-03-12T03:02:44+00:00,160876,products/7b0d0e094fd343c08a04ddd5de1e8af8_Image_20.jpg,2026-03-12T03:02:45+00:00,164758,products/b02170434aa74317adc75002f8e70a4d_Image_20.jpg,2026-03-12T03:02:47+00:00,258783,products/137ee43720c24630872301c458b74de7_Image_20.jpg,2026-03-12T03:02:55+00:00,56963,products/f6555de14cac47fc8e2a2da7c163dc51_Image_20.jpg,2026-03-12T03:24:14+00:00,160876,products/a310f89e9ce64e94a0df1b0a6831b809_Image_20.jpg,2026-03-12T03:24:15+00:00,164758,products/9ed78d9b490349bd9e4200b57935f9ba_Image_20.jpg,2026-03-12T03:24:17+00:00,258783,products/ab0a28a863ca4f9f89281851d6dd5ec1_Image_20.jpg,2026-03-12T03:24:27+00:00,56963,,,,,,,,,,,,
28,프리미엄 파프리카 1kg,products/capsicum/Image_3.JPG,Image_3.JPG,1,2,,products/2a172c1679a14b418532262e01875e22_Image_3.JPG,,auto-selected latest candidate for unique suffix,products/ca5f7db07b1d47f7a387f1820af9d170_Image_3.JPG,2026-03-12T03:02:44+00:00,249208,products/2a172c1679a14b418532262e01875e22_Image_3.JPG,2026-03-12T03:24:14+00:00,249208,,,,,,,,,,,,,,,,,,,,,,,,,,,,,,
29,신선한 파프리카 1kg,products/capsicum/Image_71.jpeg,Image_71.jpeg,1,2,,products/b4f47ac2ee0249d08e76a06a7e2fe9be_Image_71.jpeg,,auto-selected latest candidate for unique suffix,products/9320a6f3d8c74d738f3aaf103545cc32_Image_71.jpeg,2026-03-12T03:02:44+00:00,80231,products/b4f47ac2ee0249d08e76a06a7e2fe9be_Image_71.jpeg,2026-03-12T03:24:14+00:00,80231,,,,,,,,,,,,,,,,,,,,,,,,,,,,,,
30,고당도 파프리카 500g,products/capsicum/Image_99.jpg,Image_99.jpg,5,10,,,,,products/90111cf02dfd433c968b0a4ffb2b2e3e_Image_99.jpg,2026-03-12T03:02:44+00:00,539708,products/b8d1a766ba3a4c82b832a77d79824c6b_Image_99.jpg,2026-03-12T03:02:48+00:00,470656,products/b76b1685ac4543b89dcab9af745ade3f_Image_99.jpg,2026-03-12T03:02:50+00:00,171679,products/db5bf6d603de4603bda5b2b8223f7f6b_Image_99.jpg,2026-03-12T03:02:57+00:00,136130,products/6d5301b81ef74bca93bd0a4ad55270aa_Image_99.jpg,2026-03-12T03:03:01+00:00,216013,products/311f16f42c6045ed8d697e3801bdfd63_Image_99.jpg,2026-03-12T03:24:14+00:00,539708,products/526f9f08f8f04ee78b07bb25ed9eab67_Image_99.jpg,2026-03-12T03:24:19+00:00,470656,products/8a983671e80e4cabbe89685673252331_Image_99.jpg,2026-03-12T03:24:21+00:00,171679,products/abca3b11716648249ccdaed16d8e01da_Image_99.jpg,2026-03-12T03:24:30+00:00,136130,products/c9d6f9fe25914ffc964c4e6395bac6fe_Image_99.jpg,2026-03-12T03:24:34+00:00,216013,,,,,,
31,프리미엄 당근 1kg,products/carrot/Image_100.jpg,Image_100.jpg,4,8,,,,,products/2c8f89d43ab54e3daf0cdae5df74ec7c_Image_100.jpg,2026-03-12T03:02:44+00:00,78318,products/8b07a33c481949e1855759a95ea0ab0a_Image_100.jpg,2026-03-12T03:02:48+00:00,459147,products/a5539990e89c40e69e5c52a1c8688048_Image_100.jpg,2026-03-12T03:02:58+00:00,61050,products/9ea30553089244ea821426606780b94c_Image_100.jpg,2026-03-12T03:02:59+00:00,681497,products/d986648012c54a9ca5255793e498a771_Image_100.jpg,2026-03-12T03:24:14+00:00,78318,products/d881fd4e06c745a9a305e740568eb9b4_Image_100.jpg,2026-03-12T03:24:18+00:00,459147,products/bb77787ddc15404c91e13bf1425a133c_Image_100.jpg,2026-03-12T03:24:30+00:00,61050,products/a1c3ae8bc0324680b11a464cf1bf5cf9_Image_100.jpg,2026-03-12T03:24:32+00:00,681497,,,,,,,,,,,,
32,신선한 당근 1kg,products/carrot/Image_15.jpg,Image_15.jpg,2,4,,,,,products/4d32be56e58340d7907289df02772f01_Image_15.jpg,2026-03-12T03:02:44+00:00,209338,products/c796d7ebcb43424baf09e3c636a2107d_Image_15.jpg,2026-03-12T03:03:01+00:00,62029,products/fa15ab4f46754f068cce153962f95ea0_Image_15.jpg,2026-03-12T03:24:14+00:00,209338,products/3e282a038324402da3b8a40a63e03adf_Image_15.jpg,2026-03-12T03:24:34+00:00,62029,,,,,,,,,,,,,,,,,,,,,,,,
33,국내산 당근 500g,products/carrot/Image_31.jpg,Image_31.jpg,1,2,,products/ae8a5197590949a0926f3695e0d05e5f_Image_31.jpg,,auto-selected latest candidate for unique suffix,products/7fd23e3a0efd4abe9112124bc337b826_Image_31.jpg,2026-03-12T03:02:44+00:00,698941,products/ae8a5197590949a0926f3695e0d05e5f_Image_31.jpg,2026-03-12T03:24:14+00:00,698941,,,,,,,,,,,,,,,,,,,,,,,,,,,,,,
34,유기농 당근 500g,products/carrot/Image_60.jpg,Image_60.jpg,3,6,,,,,products/d4b6152c94854f53b2cb5607910d79bc_Image_60.jpg,2026-03-12T03:02:41+00:00,3868662,products/6765de16169c490193fcbb829225a625_Image_60.jpg,2026-03-12T03:02:45+00:00,68341,products/9c65aff807434d0f89597743fc40e873_Image_60.jpg,2026-03-12T03:02:46+00:00,111461,products/8092ed3e8fb040219151ce99fb71727d_Image_60.jpg,2026-03-12T03:24:10+00:00,3868662,products/2e621a0fa94c48a88d3bf8ceabd54d80_Image_60.jpg,2026-03-12T03:24:14+00:00,68341,products/b203c5045adc45268328515d840b9555_Image_60.jpg,2026-03-12T03:24:16+00:00,111461,,,,,,,,,,,,,,,,,,
35,고당도 당근 1kg,products/carrot/Image_81.jpg,Image_81.jpg,3,6,,,,,products/6a2346580eae43aeb940c05030f4435e_Image_81.jpg,2026-03-12T03:02:45+00:00,101372,products/7ea20041e72d4e69822311703a2c801c_Image_81.jpg,2026-03-12T03:02:45+00:00,51715,products/66b495640dec4697b567082519bf97f6_Image_81.jpg,2026-03-12T03:02:47+00:00,92197,products/9efee0e02b404f838e5ab58e2e731dbd_Image_81.jpg,2026-03-12T03:24:14+00:00,51715,products/196844be1d1143cc80fe5dbdd4eb6e2f_Image_81.jpg,2026-03-12T03:24:15+00:00,101372,products/90b88d1d007e426e8115c871158249f1_Image_81.jpg,2026-03-12T03:24:17+00:00,92197,,,,,,,,,,,,,,,,,,
36,신선한 콜리플라워 1kg,products/cauliflower/Image_23.jpg,Image_23.jpg,2,4,,,,,products/d236f551cc2b4e94a015761899249a98_Image_23.jpg,2026-03-12T03:02:45+00:00,51982,products/65c3306cc33c46d2896a1251a7e34b14_Image_23.jpg,2026-03-12T03:02:57+00:00,577783,products/eb901f44f64046a29866aba68159fb5b_Image_23.jpg,2026-03-12T03:24:14+00:00,51982,products/67ac927136894e37bb9e426440c43c16_Image_23.jpg,2026-03-12T03:24:29+00:00,577783,,,,,,,,,,,,,,,,,,,,,,,,
37,국내산 콜리플라워 1kg,products/cauliflower/Image_27.jpg,Image_27.jpg,3,6,,,,,products/65ae8226983b4f7e813896739ae57a66_Image_27.jpg,2026-03-12T03:02:40+00:00,48443,products/f1725f15c845451289d14f5550fee999_Image_27.jpg,2026-03-12T03:02:45+00:00,1035172,products/37899ae1307e46c3a1c537b9e929a3b6_Image_27.jpg,2026-03-12T03:02:56+00:00,92021,products/243a48dcc9dc44deb0f0d66f7bbb08da_Image_27.jpg,2026-03-12T03:24:10+00:00,48443,products/1f9c2b19d0884145916a2262177a4f3a_Image_27.jpg,2026-03-12T03:24:14+00:00,1035172,products/af0635e08203496b8e677aa0d0e18b97_Image_27.jpg,2026-03-12T03:24:27+00:00,92021,,,,,,,,,,,,,,,,,,
38,프리미엄 콜리플라워 500g,products/cauliflower/Image_3.jpg,Image_3.jpg,3,6,,,,,products/654a9d62fa14403bb3c503e726ad8fca_Image_3.jpg,2026-03-12T03:02:45+00:00,295377,products/04043db73736430f91a6f4b74f89b074_Image_3.jpg,2026-03-12T03:03:00+00:00,1227748,products/cacc545701fd4bb5bdff875fa39b214a_Image_3.jpg,2026-03-12T03:03:00+00:00,673302,products/6039962de6e1436284d04f8c30824a84_Image_3.jpg,2026-03-12T03:24:15+00:00,295377,products/69aa3e5c27ed4cbcbf58d58052f19133_Image_3.jpg,2026-03-12T03:24:33+00:00,673302,products/e35c20840173432e8d3bbc317b670efd_Image_3.jpg,2026-03-12T03:24:33+00:00,1227748,,,,,,,,,,,,,,,,,,
39,고당도 콜리플라워 1kg,products/cauliflower/Image_71.jpg,Image_71.jpg,2,4,,,,,products/a22a4094a27a4d2ab75fd9896406496f_Image_71.jpg,2026-03-12T03:02:45+00:00,17897,products/c867131dd7cb4485bad99f3fbd1c7b16_Image_71.jpg,2026-03-12T03:02:50+00:00,194613,products/b828acbb18184038ad11a253876e69d5_Image_71.jpg,2026-03-12T03:24:15+00:00,17897,products/e2fdf28b9514434597594640e0f6871d_Image_71.jpg,2026-03-12T03:24:21+00:00,194613,,,,,,,,,,,,,,,,,,,,,,,,
40,유기농 콜리플라워 1kg,products/cauliflower/Image_89.jpg,Image_89.jpg,2,4,,,,,products/6e6e6713f9a14ac2b859602a76fbf0f1_Image_89.jpg,2026-03-12T03:02:45+00:00,113518,products/8bb19a2cefab4729a16958e541b181ab_Image_89.jpg,2026-03-12T03:03:00+00:00,633449,products/0afa3bb9097a44b581e5654d63913d0a_Image_89.jpg,2026-03-12T03:24:15+00:00,113518,products/d897c84553f140af9663c06d36df167b_Image_89.jpg,2026-03-12T03:24:32+00:00,633449,,,,,,,,,,,,,,,,,,,,,,,,
41,유기농 칠리 페퍼 1kg,products/chilli pepper/Image_11.jpg,Image_11.jpg,6,12,,,,,products/e2b8e81e06e640d891dffdadbb958286_Image_11.jpg,2026-03-12T03:02:43+00:00,87582,products/d19ecca3fc374fa88aac2c0452b70aeb_Image_11.jpg,2026-03-12T03:02:45+00:00,34360,products/1c219ef21c184ccfbdec74f2dde183da_Image_11.jpg,2026-03-12T03:02:53+00:00,212255,products/98242c24bfe9489188acfad172831eb6_Image_11.jpg,2026-03-12T03:02:54+00:00,641472,products/9a23f5f6c88a4c9e983e513e84c58b22_Image_11.jpg,2026-03-12T03:02:56+00:00,184748,products/9dd6c468b4eb4791a822d947c0a4c8b7_Image_11.jpg,2026-03-12T03:02:56+00:00,3114862,products/a5d217a18d304c9b9a83dc8251f2e73c_Image_11.jpg,2026-03-12T03:24:13+00:00,87582,products/aa62b690d9a642b8ac2de4a01f4b73eb_Image_11.jpg,2026-03-12T03:24:15+00:00,34360,products/e409e06a6ccd46de8d98baea4580c0e0_Image_11.jpg,2026-03-12T03:24:24+00:00,212255,products/c4e9429587af4991859e790ef27b1740_Image_11.jpg,2026-03-12T03:24:25+00:00,641472,products/2a0cf680f7bf4b58b2c331dfa01e5cf2_Image_11.jpg,2026-03-12T03:24:28+00:00,184748,products/c09a70ba1ab24cd2af2b5c7b55b952cc_Image_11.jpg,2026-03-12T03:24:28+00:00,3114862
42,고당도 칠리 페퍼 1kg,products/chilli pepper/Image_20.jpg,Image_20.jpg,4,8,,,,,products/8440febebf6d4aa7b00c6d9d7d1a72a8_Image_20.jpg,2026-03-12T03:02:44+00:00,160876,products/7b0d0e094fd343c08a04ddd5de1e8af8_Image_20.jpg,2026-03-12T03:02:45+00:00,164758,products/b02170434aa74317adc75002f8e70a4d_Image_20.jpg,2026-03-12T03:02:47+00:00,258783,products/137ee43720c24630872301c458b74de7_Image_20.jpg,2026-03-12T03:02:55+00:00,56963,products/f6555de14cac47fc8e2a2da7c163dc51_Image_20.jpg,2026-03-12T03:24:14+00:00,160876,products/a310f89e9ce64e94a0df1b0a6831b809_Image_20.jpg,2026-03-12T03:24:15+00:00,164758,products/9ed78d9b490349bd9e4200b57935f9ba_Image_20.jpg,2026-03-12T03:24:17+00:00,258783,products/ab0a28a863ca4f9f89281851d6dd5ec1_Image_20.jpg,2026-03-12T03:24:27+00:00,56963,,,,,,,,,,,,
43,국내산 칠리 페퍼 1kg,products/chilli pepper/Image_49.jpg,Image_49.jpg,1,2,,products/9b0ae62d485e427683b4c2319ab2502c_Image_49.jpg,,auto-selected latest candidate for unique suffix,products/f5e2f0ca00dd4790899bd2ed2ac87d25_Image_49.jpg,2026-03-12T03:02:45+00:00,70485,products/9b0ae62d485e427683b4c2319ab2502c_Image_49.jpg,2026-03-12T03:24:15+00:00,70485,,,,,,,,,,,,,,,,,,,,,,,,,,,,,,
44,신선한 칠리 페퍼 500g,products/chilli pepper/Image_7.jpeg,Image_7.jpeg,1,2,,products/0a253d9d06db4fb5aee7e65bdfaaf346_Image_7.jpeg,,auto-selected latest candidate for unique suffix,products/b7d542665d904ff396658a22089581a9_Image_7.jpeg,2026-03-12T03:02:45+00:00,64575,products/0a253d9d06db4fb5aee7e65bdfaaf346_Image_7.jpeg,2026-03-12T03:24:15+00:00,64575,,,,,,,,,,,,,,,,,,,,,,,,,,,,,,
45,프리미엄 칠리 페퍼 500g,products/chilli pepper/Image_81.jpg,Image_81.jpg,3,6,,,,,products/6a2346580eae43aeb940c05030f4435e_Image_81.jpg,2026-03-12T03:02:45+00:00,101372,products/7ea20041e72d4e69822311703a2c801c_Image_81.jpg,2026-03-12T03:02:45+00:00,51715,products/66b495640dec4697b567082519bf97f6_Image_81.jpg,2026-03-12T03:02:47+00:00,92197,products/9efee0e02b404f838e5ab58e2e731dbd_Image_81.jpg,2026-03-12T03:24:14+00:00,51715,products/196844be1d1143cc80fe5dbdd4eb6e2f_Image_81.jpg,2026-03-12T03:24:15+00:00,101372,products/90b88d1d007e426e8115c871158249f1_Image_81.jpg,2026-03-12T03:24:17+00:00,92197,,,,,,,,,,,,,,,,,,
46,신선한 옥수수 1kg,products/corn/Image_5.jpg,Image_5.jpg,2,4,,,,,products/0c50722ed7de412aab98b49a6e46171c_Image_5.jpg,2026-03-12T03:02:45+00:00,6760475,products/5450d9c3e7fd4850880dfd13a10dbaec_Image_5.jpg,2026-03-12T03:03:01+00:00,4751590,products/ac4635c025014ba28d42b265f35820dc_Image_5.jpg,2026-03-12T03:24:15+00:00,6760475,products/82389be8469a42a9b85edc927dee8784_Image_5.jpg,2026-03-12T03:24:34+00:00,4751590,,,,,,,,,,,,,,,,,,,,,,,,
47,고당도 옥수수 1kg,products/corn/Image_60.jpg,Image_60.jpg,3,6,,,,,products/d4b6152c94854f53b2cb5607910d79bc_Image_60.jpg,2026-03-12T03:02:41+00:00,3868662,products/6765de16169c490193fcbb829225a625_Image_60.jpg,2026-03-12T03:02:45+00:00,68341,products/9c65aff807434d0f89597743fc40e873_Image_60.jpg,2026-03-12T03:02:46+00:00,111461,products/8092ed3e8fb040219151ce99fb71727d_Image_60.jpg,2026-03-12T03:24:10+00:00,3868662,products/2e621a0fa94c48a88d3bf8ceabd54d80_Image_60.jpg,2026-03-12T03:24:14+00:00,68341,products/b203c5045adc45268328515d840b9555_Image_60.jpg,2026-03-12T03:24:16+00:00,111461,,,,,,,,,,,,,,,,,,
48,유기농 옥수수 1kg,products/corn/Image_72.jpg,Image_72.jpg,3,6,,,,,products/48bb2cfd52b446b88c87fb7542a65c85_Image_72.jpg,2026-03-12T03:02:46+00:00,62221,products/58bfd121e9704a9aadc72aa9f0632dc4_Image_72.jpg,2026-03-12T03:02:47+00:00,232321,products/4707732b0b154dbba021d45eb41e22f6_Image_72.jpg,2026-03-12T03:02:59+00:00,190219,products/bab07840a0cb424ea0a63bd3e9814eaf_Image_72.jpg,2026-03-12T03:24:16+00:00,62221,products/09455f898f624f1f9f7a3b0df44269a8_Image_72.jpg,2026-03-12T03:24:17+00:00,232321,products/2cf5422d05a846179bb8904fccd78cfb_Image_72.jpg,2026-03-12T03:24:31+00:00,190219,,,,,,,,,,,,,,,,,,
49,프리미엄 옥수수 500g,products/corn/Image_84.jpg,Image_84.jpg,2,4,,,,,products/e88922d1719b4742af31d56a91e97863_Image_84.jpg,2026-03-12T03:02:46+00:00,566889,products/75bab6c7e2de463d9df332f1ad357cb4_Image_84.jpg,2026-03-12T03:02:47+00:00,56679,products/3e774834e05148ce852f3bbe7ffe85fe_Image_84.jpg,2026-03-12T03:24:16+00:00,566889,products/f693f8be265f43f287123877ccfae66c_Image_84.jpg,2026-03-12T03:24:17+00:00,56679,,,,,,,,,,,,,,,,,,,,,,,,
50,국내산 옥수수 500g,products/corn/Image_98.jpg,Image_98.jpg,3,6,,,,,products/9063c8249ebb4a89ab7c3bdf892c9b1d_Image_98.jpg,2026-03-12T03:02:46+00:00,141794,products/08bc0d82a768449db02b3c896add3165_Image_98.jpg,2026-03-12T03:02:53+00:00,120965,products/472368037b0b430b86390bb17a68aef5_Image_98.jpg,2026-03-12T03:02:53+00:00,148470,products/0bd3a1ebd1b648669d626c7318631cef_Image_98.jpg,2026-03-12T03:24:16+00:00,141794,products/4cbb7f94aa8d40c5ace04fb0c889e912_Image_98.jpg,2026-03-12T03:24:24+00:00,148470,products/a811c057942441f999e1877abf61a4f1_Image_98.jpg,2026-03-12T03:24:24+00:00,120965,,,,,,,,,,,,,,,,,,
51,신선한 오이 1kg,products/cucumber/Image_37.jpg,Image_37.jpg,2,4,,,,,products/86f2ddcfde524bbda2c57f36244e70bf_Image_37.jpg,2026-03-12T03:02:46+00:00,78347,products/9adc732ece034bb68fe57c73aecdd7eb_Image_37.jpg,2026-03-12T03:02:58+00:00,140816,products/111659f9c3364cffa589c75f6027cfa9_Image_37.jpg,2026-03-12T03:24:16+00:00,78347,products/dae98bf139ee44c690995ea57c1032d7_Image_37.jpg,2026-03-12T03:24:31+00:00,140816,,,,,,,,,,,,,,,,,,,,,,,,
52,유기농 오이 500g,products/cucumber/Image_42.png,Image_42.png,1,2,,products/b034cef8763d49cc899c9c503a5173ad_Image_42.png,,auto-selected latest candidate for unique suffix,products/8535a511baf347529b8e6cbdc0344fcf_Image_42.png,2026-03-12T03:02:46+00:00,296974,products/b034cef8763d49cc899c9c503a5173ad_Image_42.png,2026-03-12T03:24:16+00:00,296974,,,,,,,,,,,,,,,,,,,,,,,,,,,,,,
53,고당도 오이 1kg,products/cucumber/Image_54.png,Image_54.png,1,2,,products/4f825981dd2a40618b772c32ed3f85a1_Image_54.png,,auto-selected latest candidate for unique suffix,products/5f093fe5563c48d8b9028e9c55d7e7fe_Image_54.png,2026-03-12T03:02:46+00:00,6547659,products/4f825981dd2a40618b772c32ed3f85a1_Image_54.png,2026-03-12T03:24:16+00:00,6547659,,,,,,,,,,,,,,,,,,,,,,,,,,,,,,
54,국내산 오이 1kg,products/cucumber/Image_66.jpg,Image_66.jpg,1,2,,products/7374396eb710426683904cc057a73918_Image_66.jpg,,auto-selected latest candidate for unique suffix,products/2f9b1636460d4bfe97f5819e08daf134_Image_66.jpg,2026-03-12T03:02:47+00:00,161899,products/7374396eb710426683904cc057a73918_Image_66.jpg,2026-03-12T03:24:17+00:00,161899,,,,,,,,,,,,,,,,,,,,,,,,,,,,,,
55,프리미엄 오이 500g,products/cucumber/Image_84.jpg,Image_84.jpg,2,4,,,,,products/e88922d1719b4742af31d56a91e97863_Image_84.jpg,2026-03-12T03:02:46+00:00,566889,products/75bab6c7e2de463d9df332f1ad357cb4_Image_84.jpg,2026-03-12T03:02:47+00:00,56679,products/3e774834e05148ce852f3bbe7ffe85fe_Image_84.jpg,2026-03-12T03:24:16+00:00,566889,products/f693f8be265f43f287123877ccfae66c_Image_84.jpg,2026-03-12T03:24:17+00:00,56679,,,,,,,,,,,,,,,,,,,,,,,,
56,신선한 가지 1kg,products/eggplant/Image_20.jpg,Image_20.jpg,4,8,,,,,products/8440febebf6d4aa7b00c6d9d7d1a72a8_Image_20.jpg,2026-03-12T03:02:44+00:00,160876,products/7b0d0e094fd343c08a04ddd5de1e8af8_Image_20.jpg,2026-03-12T03:02:45+00:00,164758,products/b02170434aa74317adc75002f8e70a4d_Image_20.jpg,2026-03-12T03:02:47+00:00,258783,products/137ee43720c24630872301c458b74de7_Image_20.jpg,2026-03-12T03:02:55+00:00,56963,products/f6555de14cac47fc8e2a2da7c163dc51_Image_20.jpg,2026-03-12T03:24:14+00:00,160876,products/a310f89e9ce64e94a0df1b0a6831b809_Image_20.jpg,2026-03-12T03:24:15+00:00,164758,products/9ed78d9b490349bd9e4200b57935f9ba_Image_20.jpg,2026-03-12T03:24:17+00:00,258783,products/ab0a28a863ca4f9f89281851d6dd5ec1_Image_20.jpg,2026-03-12T03:24:27+00:00,56963,,,,,,,,,,,,
57,국내산 가지 500g,products/eggplant/Image_69.jpg,Image_69.jpg,2,4,,,,,products/fb6e6d5a2f5d45ff9801b48e177414b6_Image_69.jpg,2026-03-12T03:02:47+00:00,247390,products/aca67e0ffecc40d1bad1fdc7a861de28_Image_69.jpg,2026-03-12T03:02:48+00:00,59150,products/55e47aa4875e45f084ef19d0d7b097e6_Image_69.jpg,2026-03-12T03:24:17+00:00,247390,products/6700b15ef0e54d33ad9a1bf18c8c1345_Image_69.jpg,2026-03-12T03:24:18+00:00,59150,,,,,,,,,,,,,,,,,,,,,,,,
58,유기농 가지 500g,products/eggplant/Image_72.jpg,Image_72.jpg,3,6,,,,,products/48bb2cfd52b446b88c87fb7542a65c85_Image_72.jpg,2026-03-12T03:02:46+00:00,62221,products/58bfd121e9704a9aadc72aa9f0632dc4_Image_72.jpg,2026-03-12T03:02:47+00:00,232321,products/4707732b0b154dbba021d45eb41e22f6_Image_72.jpg,2026-03-12T03:02:59+00:00,190219,products/bab07840a0cb424ea0a63bd3e9814eaf_Image_72.jpg,2026-03-12T03:24:16+00:00,62221,products/09455f898f624f1f9f7a3b0df44269a8_Image_72.jpg,2026-03-12T03:24:17+00:00,232321,products/2cf5422d05a846179bb8904fccd78cfb_Image_72.jpg,2026-03-12T03:24:31+00:00,190219,,,,,,,,,,,,,,,,,,
59,프리미엄 가지 500g,products/eggplant/Image_81.jpg,Image_81.jpg,3,6,,,,,products/6a2346580eae43aeb940c05030f4435e_Image_81.jpg,2026-03-12T03:02:45+00:00,101372,products/7ea20041e72d4e69822311703a2c801c_Image_81.jpg,2026-03-12T03:02:45+00:00,51715,products/66b495640dec4697b567082519bf97f6_Image_81.jpg,2026-03-12T03:02:47+00:00,92197,products/9efee0e02b404f838e5ab58e2e731dbd_Image_81.jpg,2026-03-12T03:24:14+00:00,51715,products/196844be1d1143cc80fe5dbdd4eb6e2f_Image_81.jpg,2026-03-12T03:24:15+00:00,101372,products/90b88d1d007e426e8115c871158249f1_Image_81.jpg,2026-03-12T03:24:17+00:00,92197,,,,,,,,,,,,,,,,,,
60,고당도 가지 500g,products/eggplant/Image_87.jpg,Image_87.jpg,1,2,,products/969d24d4b4be49d884e6cb792e10d4b2_Image_87.jpg,,auto-selected latest candidate for unique suffix,products/bc30e2612007492090d8557de588e2f0_Image_87.jpg,2026-03-12T03:02:47+00:00,918321,products/969d24d4b4be49d884e6cb792e10d4b2_Image_87.jpg,2026-03-12T03:24:18+00:00,918321,,,,,,,,,,,,,,,,,,,,,,,,,,,,,,
61,국내산 마늘 500g,products/garlic/Image_12.jpg,Image_12.jpg,3,6,,,,,products/71aafb72368546599387e6156a82ee7c_Image_12.jpg,2026-03-12T03:02:42+00:00,920205,products/d17fa0010f6448d79088f7cd1b6e4ee8_Image_12.jpg,2026-03-12T03:02:47+00:00,81595,products/92c3bb9ee7a8417794a596da25181a52_Image_12.jpg,2026-03-12T03:02:51+00:00,2531152,products/d3e2ac19d9c148dd9a8d097d1281b78a_Image_12.jpg,2026-03-12T03:24:11+00:00,920205,products/08a82a3e940345baa7de3d230343f934_Image_12.jpg,2026-03-12T03:24:18+00:00,81595,products/1bef4d59bdd2455fab9f624b6bf0bab3_Image_12.jpg,2026-03-12T03:24:22+00:00,2531152,,,,,,,,,,,,,,,,,,
62,고당도 마늘 1kg,products/garlic/Image_28.jpg,Image_28.jpg,3,6,,,,,products/05845557e9124975a6f85e0157387940_Image_28.jpg,2026-03-12T03:02:47+00:00,365908,products/479f519800bd4ec4abf125cee99d4176_Image_28.jpg,2026-03-12T03:02:54+00:00,1883667,products/9ab10597d29b4a8daf7aa28bcdecdcfa_Image_28.jpg,2026-03-12T03:02:56+00:00,82376,products/4930b1539835434196675437d5314cd0_Image_28.jpg,2026-03-12T03:24:18+00:00,365908,products/062c71e93f1d41e1bdbf864b08b44a8a_Image_28.jpg,2026-03-12T03:24:25+00:00,1883667,products/88f67fb91ce545cbbf0afbe22a6f84fa_Image_28.jpg,2026-03-12T03:24:28+00:00,82376,,,,,,,,,,,,,,,,,,
63,신선한 마늘 500g,products/garlic/Image_48.jpg,Image_48.jpg,2,4,,,,,products/351368b38f144a11ae44dd2b856ec094_Image_48.jpg,2026-03-12T03:02:48+00:00,159728,products/3ba0a382ab6f4bbba5e9ceed9c427b81_Image_48.jpg,2026-03-12T03:02:53+00:00,36129,products/13d50078e7a94c8b933a6db1b76e3cd3_Image_48.jpg,2026-03-12T03:24:18+00:00,159728,products/1006eb73dc8f4085acd609ab94c509f4_Image_48.jpg,2026-03-12T03:24:24+00:00,36129,,,,,,,,,,,,,,,,,,,,,,,,
64,프리미엄 마늘 500g,products/garlic/Image_58.jpg,Image_58.jpg,2,4,,,,,products/e45d19f977b04a81aac3b6014e067461_Image_58.jpg,2026-03-12T03:02:48+00:00,66812,products/7167c0c7e57c4fb0bdbf69fc9f56e138_Image_58.jpg,2026-03-12T03:02:54+00:00,63445,products/b9c38d6ce5fb4561b72f851cce3a0cf2_Image_58.jpg,2026-03-12T03:24:18+00:00,66812,products/344ce02d9b0b4882aa5825e098e74fde_Image_58.jpg,2026-03-12T03:24:25+00:00,63445,,,,,,,,,,,,,,,,,,,,,,,,
65,유기농 마늘 1kg,products/garlic/Image_69.jpg,Image_69.jpg,2,4,,,,,products/fb6e6d5a2f5d45ff9801b48e177414b6_Image_69.jpg,2026-03-12T03:02:47+00:00,247390,products/aca67e0ffecc40d1bad1fdc7a861de28_Image_69.jpg,2026-03-12T03:02:48+00:00,59150,products/55e47aa4875e45f084ef19d0d7b097e6_Image_69.jpg,2026-03-12T03:24:17+00:00,247390,products/6700b15ef0e54d33ad9a1bf18c8c1345_Image_69.jpg,2026-03-12T03:24:18+00:00,59150,,,,,,,,,,,,,,,,,,,,,,,,
66,유기농 생강 1kg,products/ginger/Image_100.jpg,Image_100.jpg,4,8,,,,,products/2c8f89d43ab54e3daf0cdae5df74ec7c_Image_100.jpg,2026-03-12T03:02:44+00:00,78318,products/8b07a33c481949e1855759a95ea0ab0a_Image_100.jpg,2026-03-12T03:02:48+00:00,459147,products/a5539990e89c40e69e5c52a1c8688048_Image_100.jpg,2026-03-12T03:02:58+00:00,61050,products/9ea30553089244ea821426606780b94c_Image_100.jpg,2026-03-12T03:02:59+00:00,681497,products/d986648012c54a9ca5255793e498a771_Image_100.jpg,2026-03-12T03:24:14+00:00,78318,products/d881fd4e06c745a9a305e740568eb9b4_Image_100.jpg,2026-03-12T03:24:18+00:00,459147,products/bb77787ddc15404c91e13bf1425a133c_Image_100.jpg,2026-03-12T03:24:30+00:00,61050,products/a1c3ae8bc0324680b11a464cf1bf5cf9_Image_100.jpg,2026-03-12T03:24:32+00:00,681497,,,,,,,,,,,,
67,신선한 생강 500g,products/ginger/Image_38.jpg,Image_38.jpg,2,4,,,,,products/0ac4bb20f1e3479f802ebd5e6db3c9d7_Image_38.jpg,2026-03-12T03:02:48+00:00,63503,products/eb186fa52e764b70a69045454483305c_Image_38.jpg,2026-03-12T03:02:57+00:00,227510,products/3aa53b1313604afb8ff2d59c3846ad67_Image_38.jpg,2026-03-12T03:24:18+00:00,63503,products/7ba2325b7a404c3ca8f2f4ddafc7107b_Image_38.jpg,2026-03-12T03:24:30+00:00,227510,,,,,,,,,,,,,,,,,,,,,,,,
68,국내산 생강 500g,products/ginger/Image_63.jpg,Image_63.jpg,3,6,,,,,products/e7c9bf45cd5f4029b57ffbbc1f837cd3_Image_63.jpg,2026-03-12T03:02:42+00:00,146957,products/455fbb0a31f44f1c9dd046654f8dd038_Image_63.jpg,2026-03-12T03:02:48+00:00,159685,products/7a530076fad04adc9c84c017090f61c2_Image_63.jpg,2026-03-12T03:02:49+00:00,12944904,products/07166304d72841e2a1302f740c6e0fce_Image_63.jpg,2026-03-12T03:24:12+00:00,146957,products/a4e47adfd8354a7fa3e72b811711716b_Image_63.jpg,2026-03-12T03:24:18+00:00,159685,products/8b537143662b41ad81dc7daee797b25b_Image_63.jpg,2026-03-12T03:24:19+00:00,12944904,,,,,,,,,,,,,,,,,,
69,고당도 생강 1kg,products/ginger/Image_74.jpg,Image_74.jpg,3,6,,,,,products/bdfee29f98d2447caf6a29a1cea56eb7_Image_74.jpg,2026-03-12T03:02:48+00:00,43793,products/ed55bac5402e49b496e0b61846fccdbc_Image_74.jpg,2026-03-12T03:02:50+00:00,338704,products/d0603e0914e94b5f8a40e4003e4c1429_Image_74.jpg,2026-03-12T03:02:59+00:00,107115,products/3025c4ba061a434f895b688c15ce1312_Image_74.jpg,2026-03-12T03:24:19+00:00,43793,products/2cf22e57b8e442c98c2ef56c51e72d6c_Image_74.jpg,2026-03-12T03:24:20+00:00,338704,products/5f5616e3b0c54b5e8e94d2221f14172d_Image_74.jpg,2026-03-12T03:24:31+00:00,107115,,,,,,,,,,,,,,,,,,
70,프리미엄 생강 500g,products/ginger/Image_99.jpg,Image_99.jpg,5,10,,,,,products/90111cf02dfd433c968b0a4ffb2b2e3e_Image_99.jpg,2026-03-12T03:02:44+00:00,539708,products/b8d1a766ba3a4c82b832a77d79824c6b_Image_99.jpg,2026-03-12T03:02:48+00:00,470656,products/b76b1685ac4543b89dcab9af745ade3f_Image_99.jpg,2026-03-12T03:02:50+00:00,171679,products/db5bf6d603de4603bda5b2b8223f7f6b_Image_99.jpg,2026-03-12T03:02:57+00:00,136130,products/6d5301b81ef74bca93bd0a4ad55270aa_Image_99.jpg,2026-03-12T03:03:01+00:00,216013,products/311f16f42c6045ed8d697e3801bdfd63_Image_99.jpg,2026-03-12T03:24:14+00:00,539708,products/526f9f08f8f04ee78b07bb25ed9eab67_Image_99.jpg,2026-03-12T03:24:19+00:00,470656,products/8a983671e80e4cabbe89685673252331_Image_99.jpg,2026-03-12T03:24:21+00:00,171679,products/abca3b11716648249ccdaed16d8e01da_Image_99.jpg,2026-03-12T03:24:30+00:00,136130,products/c9d6f9fe25914ffc964c4e6395bac6fe_Image_99.jpg,2026-03-12T03:24:34+00:00,216013,,,,,,
71,고당도 포도 500g,products/grapes/Image_17.jpg,Image_17.jpg,3,6,,,,,products/81dc094e14854eaeb9d7e96475fe24b7_Image_17.jpg,2026-03-12T03:02:42+00:00,73475,products/93643d155bb9423cbcbf64a55ad322e4_Image_17.jpg,2026-03-12T03:02:48+00:00,657034,products/3f44c42948a149d481e751b8025d6d26_Image_17.jpg,2026-03-12T03:02:58+00:00,65680,products/c3e8ae596e8e44c2b26c3d540df2b99b_Image_17.jpg,2026-03-12T03:24:12+00:00,73475,products/f48883195a6a4078912352f6f2dd2989_Image_17.jpg,2026-03-12T03:24:19+00:00,657034,products/c5a55433717e4f7f81295d121329d763_Image_17.jpg,2026-03-12T03:24:30+00:00,65680,,,,,,,,,,,,,,,,,,
72,유기농 포도 1kg,products/grapes/Image_43.jpg,Image_43.jpg,2,4,,,,,products/491b930b95d240db8c1b000a1d37cdc4_Image_43.jpg,2026-03-12T03:02:42+00:00,82805,products/1cce7cb1816c465e9d49a89d3eb62ada_Image_43.jpg,2026-03-12T03:02:48+00:00,57518,products/ed7b6793e6b942208cc2279689c94165_Image_43.jpg,2026-03-12T03:24:12+00:00,82805,products/cb6618bd5ba34b2598432f4a8a1653ef_Image_43.jpg,2026-03-12T03:24:19+00:00,57518,,,,,,,,,,,,,,,,,,,,,,,,
73,프리미엄 포도 500g,products/grapes/Image_51.jpg,Image_51.jpg,1,2,,products/e0c37f16e4e84d5f87fe5c21983bcb7e_Image_51.jpg,,auto-selected latest candidate for unique suffix,products/f8cf77e6214542e4850d6e35a3741c5f_Image_51.jpg,2026-03-12T03:02:48+00:00,261794,products/e0c37f16e4e84d5f87fe5c21983bcb7e_Image_51.jpg,2026-03-12T03:24:19+00:00,261794,,,,,,,,,,,,,,,,,,,,,,,,,,,,,,
74,국내산 포도 1kg,products/grapes/Image_63.jpg,Image_63.jpg,3,6,,,,,products/e7c9bf45cd5f4029b57ffbbc1f837cd3_Image_63.jpg,2026-03-12T03:02:42+00:00,146957,products/455fbb0a31f44f1c9dd046654f8dd038_Image_63.jpg,2026-03-12T03:02:48+00:00,159685,products/7a530076fad04adc9c84c017090f61c2_Image_63.jpg,2026-03-12T03:02:49+00:00,12944904,products/07166304d72841e2a1302f740c6e0fce_Image_63.jpg,2026-03-12T03:24:12+00:00,146957,products/a4e47adfd8354a7fa3e72b811711716b_Image_63.jpg,2026-03-12T03:24:18+00:00,159685,products/8b537143662b41ad81dc7daee797b25b_Image_63.jpg,2026-03-12T03:24:19+00:00,12944904,,,,,,,,,,,,,,,,,,
75,신선한 포도 500g,products/grapes/Image_74.jpg,Image_74.jpg,3,6,,,,,products/bdfee29f98d2447caf6a29a1cea56eb7_Image_74.jpg,2026-03-12T03:02:48+00:00,43793,products/ed55bac5402e49b496e0b61846fccdbc_Image_74.jpg,2026-03-12T03:02:50+00:00,338704,products/d0603e0914e94b5f8a40e4003e4c1429_Image_74.jpg,2026-03-12T03:02:59+00:00,107115,products/3025c4ba061a434f895b688c15ce1312_Image_74.jpg,2026-03-12T03:24:19+00:00,43793,products/2cf22e57b8e442c98c2ef56c51e72d6c_Image_74.jpg,2026-03-12T03:24:20+00:00,338704,products/5f5616e3b0c54b5e8e94d2221f14172d_Image_74.jpg,2026-03-12T03:24:31+00:00,107115,,,,,,,,,,,,,,,,,,
76,유기농 할라피뇨 500g,products/jalepeno/Image_11.jpeg,Image_11.jpeg,1,2,,products/e0577f8f19f44d7eb70e5eb57b06988d_Image_11.jpeg,,auto-selected latest candidate for unique suffix,products/6a5bbc8445dc4d1599460fdd24f19cfa_Image_11.jpeg,2026-03-12T03:02:50+00:00,130454,products/e0577f8f19f44d7eb70e5eb57b06988d_Image_11.jpeg,2026-03-12T03:24:20+00:00,130454,,,,,,,,,,,,,,,,,,,,,,,,,,,,,,
77,프리미엄 할라피뇨 1kg,products/jalepeno/Image_44.jpg,Image_44.jpg,4,8,,,,,products/c4a19891166043f686bdf7e12a2cf0f2_Image_44.jpg,2026-03-12T03:02:50+00:00,17612,products/04cba1226b1f4c529680607ce7719de4_Image_44.jpg,2026-03-12T03:02:53+00:00,701327,products/3b1a96d4aa5f4eb1adf56a55ab1c8098_Image_44.jpg,2026-03-12T03:02:53+00:00,135666,products/7b5ebb5119184a6bb309e825d5e300f4_Image_44.jpg,2026-03-12T03:02:57+00:00,6825750,products/b2572389deea44c7942376486d9aca85_Image_44.jpg,2026-03-12T03:24:20+00:00,17612,products/38c859ae09494ac3857422baaf9bad4d_Image_44.jpg,2026-03-12T03:24:24+00:00,701327,products/a89f0991f4584c0b95559eb245faa68c_Image_44.jpg,2026-03-12T03:24:24+00:00,135666,products/4e4a0f2fce9949cb9ada90960aa9b3bb_Image_44.jpg,2026-03-12T03:24:29+00:00,6825750,,,,,,,,,,,,
78,국내산 할라피뇨 1kg,products/jalepeno/Image_57.jpg,Image_57.jpg,3,6,,,,,products/a4676700710549e4a6949940e308928d_Image_57.jpg,2026-03-12T03:02:42+00:00,147485,products/9b3059684fb1452c86eacda5b8b64bd3_Image_57.jpg,2026-03-12T03:02:50+00:00,76001,products/27cdf0389d5845d0aef23b3c873c6b5e_Image_57.jpg,2026-03-12T03:02:56+00:00,123507,products/332f50ed4d6a4a818a5c56aeb7e8645a_Image_57.jpg,2026-03-12T03:24:12+00:00,147485,products/d5fb638f0e6a4b90826989cc41672e3a_Image_57.jpg,2026-03-12T03:24:20+00:00,76001,products/5b8282a6bdf04950b84f693df4b06300_Image_57.jpg,2026-03-12T03:24:28+00:00,123507,,,,,,,,,,,,,,,,,,
79,신선한 할라피뇨 1kg,products/jalepeno/Image_71.jpg,Image_71.jpg,2,4,,,,,products/a22a4094a27a4d2ab75fd9896406496f_Image_71.jpg,2026-03-12T03:02:45+00:00,17897,products/c867131dd7cb4485bad99f3fbd1c7b16_Image_71.jpg,2026-03-12T03:02:50+00:00,194613,products/b828acbb18184038ad11a253876e69d5_Image_71.jpg,2026-03-12T03:24:15+00:00,17897,products/e2fdf28b9514434597594640e0f6871d_Image_71.jpg,2026-03-12T03:24:21+00:00,194613,,,,,,,,,,,,,,,,,,,,,,,,
80,고당도 할라피뇨 1kg,products/jalepeno/Image_99.jpg,Image_99.jpg,5,10,,,,,products/90111cf02dfd433c968b0a4ffb2b2e3e_Image_99.jpg,2026-03-12T03:02:44+00:00,539708,products/b8d1a766ba3a4c82b832a77d79824c6b_Image_99.jpg,2026-03-12T03:02:48+00:00,470656,products/b76b1685ac4543b89dcab9af745ade3f_Image_99.jpg,2026-03-12T03:02:50+00:00,171679,products/db5bf6d603de4603bda5b2b8223f7f6b_Image_99.jpg,2026-03-12T03:02:57+00:00,136130,products/6d5301b81ef74bca93bd0a4ad55270aa_Image_99.jpg,2026-03-12T03:03:01+00:00,216013,products/311f16f42c6045ed8d697e3801bdfd63_Image_99.jpg,2026-03-12T03:24:14+00:00,539708,products/526f9f08f8f04ee78b07bb25ed9eab67_Image_99.jpg,2026-03-12T03:24:19+00:00,470656,products/8a983671e80e4cabbe89685673252331_Image_99.jpg,2026-03-12T03:24:21+00:00,171679,products/abca3b11716648249ccdaed16d8e01da_Image_99.jpg,2026-03-12T03:24:30+00:00,136130,products/c9d6f9fe25914ffc964c4e6395bac6fe_Image_99.jpg,2026-03-12T03:24:34+00:00,216013,,,,,,
81,고당도 키위 1kg,products/kiwi/Image_18.jpg,Image_18.jpg,1,2,,products/4cd862826cac44c297b29393e0facd6c_Image_18.jpg,,auto-selected latest candidate for unique suffix,products/d1877871eaa54178a42878232261daa3_Image_18.jpg,2026-03-12T03:02:50+00:00,77557,products/4cd862826cac44c297b29393e0facd6c_Image_18.jpg,2026-03-12T03:24:21+00:00,77557,,,,,,,,,,,,,,,,,,,,,,,,,,,,,,
82,프리미엄 키위 500g,products/kiwi/Image_19.jpg,Image_19.jpg,2,4,,,,,products/3f0d0b238fed49aabfdbcb0e7609b884_Image_19.jpg,2026-03-12T03:02:50+00:00,154195,products/c8211ca20a3d490caf48103dcc999f44_Image_19.jpg,2026-03-12T03:02:54+00:00,138410,products/1434daea7f0847df906bfe4830d5182a_Image_19.jpg,2026-03-12T03:24:21+00:00,154195,products/e735beaa7f0c45f88fab0991f83d22f6_Image_19.jpg,2026-03-12T03:24:25+00:00,138410,,,,,,,,,,,,,,,,,,,,,,,,
83,국내산 키위 1kg,products/kiwi/Image_64.png,Image_64.png,1,2,,products/55d04360a7814645be0728236dd2ec5d_Image_64.png,,auto-selected latest candidate for unique suffix,products/aaa866fb0a1045068c1a525aca061b42_Image_64.png,2026-03-12T03:02:50+00:00,138997,products/55d04360a7814645be0728236dd2ec5d_Image_64.png,2026-03-12T03:24:21+00:00,138997,,,,,,,,,,,,,,,,,,,,,,,,,,,,,,
84,신선한 키위 1kg,products/kiwi/Image_65.png,Image_65.png,1,2,,products/5f458e5c9d2641cb9abb55cb6a03489c_Image_65.png,,auto-selected latest candidate for unique suffix,products/07154e3ab782409398e6957c3f678c5d_Image_65.png,2026-03-12T03:02:50+00:00,8538055,products/5f458e5c9d2641cb9abb55cb6a03489c_Image_65.png,2026-03-12T03:24:21+00:00,8538055,,,,,,,,,,,,,,,,,,,,,,,,,,,,,,
85,유기농 키위 500g,products/kiwi/Image_7.jpg,Image_7.jpg,2,4,,,,,products/9d29c9de6e274527b52a2bc2943fd710_Image_7.jpg,2026-03-12T03:02:51+00:00,68502,products/ec98ca31e04f4956b32ea24907f82884_Image_7.jpg,2026-03-12T03:03:01+00:00,97249,products/7355875cecba4e4298b49aa2d3f736b9_Image_7.jpg,2026-03-12T03:24:22+00:00,68502,products/8821d91d656249ef8ed34b499e6984b7_Image_7.jpg,2026-03-12T03:24:34+00:00,97249,,,,,,,,,,,,,,,,,,,,,,,,
86,고당도 레몬 1kg,products/lemon/Image_12.jpg,Image_12.jpg,3,6,,,,,products/71aafb72368546599387e6156a82ee7c_Image_12.jpg,2026-03-12T03:02:42+00:00,920205,products/d17fa0010f6448d79088f7cd1b6e4ee8_Image_12.jpg,2026-03-12T03:02:47+00:00,81595,products/92c3bb9ee7a8417794a596da25181a52_Image_12.jpg,2026-03-12T03:02:51+00:00,2531152,products/d3e2ac19d9c148dd9a8d097d1281b78a_Image_12.jpg,2026-03-12T03:24:11+00:00,920205,products/08a82a3e940345baa7de3d230343f934_Image_12.jpg,2026-03-12T03:24:18+00:00,81595,products/1bef4d59bdd2455fab9f624b6bf0bab3_Image_12.jpg,2026-03-12T03:24:22+00:00,2531152,,,,,,,,,,,,,,,,,,
87,신선한 레몬 1kg,products/lemon/Image_52.png,Image_52.png,1,2,,products/31ac27cf4ce940818f5467779e40cc28_Image_52.png,,auto-selected latest candidate for unique suffix,products/92802ae64d4944d59c879a11f8e68e1e_Image_52.png,2026-03-12T03:02:51+00:00,14433261,products/31ac27cf4ce940818f5467779e40cc28_Image_52.png,2026-03-12T03:24:22+00:00,14433261,,,,,,,,,,,,,,,,,,,,,,,,,,,,,,
88,국내산 레몬 1kg,products/lemon/Image_8.png,Image_8.png,1,2,,products/9c8c2087df2e44b88631528841f812e6_Image_8.png,,auto-selected latest candidate for unique suffix,products/401cdbf0f28648eaaf7b0eb83100298d_Image_8.png,2026-03-12T03:02:52+00:00,6453088,products/9c8c2087df2e44b88631528841f812e6_Image_8.png,2026-03-12T03:24:23+00:00,6453088,,,,,,,,,,,,,,,,,,,,,,,,,,,,,,
89,유기농 레몬 500g,products/lemon/Image_90.jpg,Image_90.jpg,2,4,,,,,products/96f3ea3574e74b838438205973942e02_Image_90.jpg,2026-03-12T03:02:43+00:00,65024,products/e4fb941c16804a01820f7cecec0b59d7_Image_90.jpg,2026-03-12T03:02:52+00:00,555838,products/b7c5e2dbfb914bcfa7a66171fda77bad_Image_90.jpg,2026-03-12T03:24:13+00:00,65024,products/0e0eaec3198a437fb917fdde71d9dd37_Image_90.jpg,2026-03-12T03:24:24+00:00,555838,,,,,,,,,,,,,,,,,,,,,,,,
90,프리미엄 레몬 500g,products/lemon/Image_98.jpg,Image_98.jpg,3,6,,,,,products/9063c8249ebb4a89ab7c3bdf892c9b1d_Image_98.jpg,2026-03-12T03:02:46+00:00,141794,products/08bc0d82a768449db02b3c896add3165_Image_98.jpg,2026-03-12T03:02:53+00:00,120965,products/472368037b0b430b86390bb17a68aef5_Image_98.jpg,2026-03-12T03:02:53+00:00,148470,products/0bd3a1ebd1b648669d626c7318631cef_Image_98.jpg,2026-03-12T03:24:16+00:00,141794,products/4cbb7f94aa8d40c5ace04fb0c889e912_Image_98.jpg,2026-03-12T03:24:24+00:00,148470,products/a811c057942441f999e1877abf61a4f1_Image_98.jpg,2026-03-12T03:24:24+00:00,120965,,,,,,,,,,,,,,,,,,
91,유기농 상추 1kg,products/lettuce/Image_11.jpg,Image_11.jpg,6,12,,,,,products/e2b8e81e06e640d891dffdadbb958286_Image_11.jpg,2026-03-12T03:02:43+00:00,87582,products/d19ecca3fc374fa88aac2c0452b70aeb_Image_11.jpg,2026-03-12T03:02:45+00:00,34360,products/1c219ef21c184ccfbdec74f2dde183da_Image_11.jpg,2026-03-12T03:02:53+00:00,212255,products/98242c24bfe9489188acfad172831eb6_Image_11.jpg,2026-03-12T03:02:54+00:00,641472,products/9a23f5f6c88a4c9e983e513e84c58b22_Image_11.jpg,2026-03-12T03:02:56+00:00,184748,products/9dd6c468b4eb4791a822d947c0a4c8b7_Image_11.jpg,2026-03-12T03:02:56+00:00,3114862,products/a5d217a18d304c9b9a83dc8251f2e73c_Image_11.jpg,2026-03-12T03:24:13+00:00,87582,products/aa62b690d9a642b8ac2de4a01f4b73eb_Image_11.jpg,2026-03-12T03:24:15+00:00,34360,products/e409e06a6ccd46de8d98baea4580c0e0_Image_11.jpg,2026-03-12T03:24:24+00:00,212255,products/c4e9429587af4991859e790ef27b1740_Image_11.jpg,2026-03-12T03:24:25+00:00,641472,products/2a0cf680f7bf4b58b2c331dfa01e5cf2_Image_11.jpg,2026-03-12T03:24:28+00:00,184748,products/c09a70ba1ab24cd2af2b5c7b55b952cc_Image_11.jpg,2026-03-12T03:24:28+00:00,3114862
92,고당도 상추 500g,products/lettuce/Image_44.jpg,Image_44.jpg,4,8,,,,,products/c4a19891166043f686bdf7e12a2cf0f2_Image_44.jpg,2026-03-12T03:02:50+00:00,17612,products/04cba1226b1f4c529680607ce7719de4_Image_44.jpg,2026-03-12T03:02:53+00:00,701327,products/3b1a96d4aa5f4eb1adf56a55ab1c8098_Image_44.jpg,2026-03-12T03:02:53+00:00,135666,products/7b5ebb5119184a6bb309e825d5e300f4_Image_44.jpg,2026-03-12T03:02:57+00:00,6825750,products/b2572389deea44c7942376486d9aca85_Image_44.jpg,2026-03-12T03:24:20+00:00,17612,products/38c859ae09494ac3857422baaf9bad4d_Image_44.jpg,2026-03-12T03:24:24+00:00,701327,products/a89f0991f4584c0b95559eb245faa68c_Image_44.jpg,2026-03-12T03:24:24+00:00,135666,products/4e4a0f2fce9949cb9ada90960aa9b3bb_Image_44.jpg,2026-03-12T03:24:29+00:00,6825750,,,,,,,,,,,,
93,신선한 상추 500g,products/lettuce/Image_48.jpg,Image_48.jpg,2,4,,,,,products/351368b38f144a11ae44dd2b856ec094_Image_48.jpg,2026-03-12T03:02:48+00:00,159728,products/3ba0a382ab6f4bbba5e9ceed9c427b81_Image_48.jpg,2026-03-12T03:02:53+00:00,36129,products/13d50078e7a94c8b933a6db1b76e3cd3_Image_48.jpg,2026-03-12T03:24:18+00:00,159728,products/1006eb73dc8f4085acd609ab94c509f4_Image_48.jpg,2026-03-12T03:24:24+00:00,36129,,,,,,,,,,,,,,,,,,,,,,,,
94,프리미엄 상추 1kg,products/lettuce/Image_82.jpg,Image_82.jpg,3,6,,,,,products/fea170ad90654729a921c8f822facf14_Image_82.jpg,2026-03-12T03:02:42+00:00,58451,products/2920afc26abe4bfc8195bc68dd979fe9_Image_82.jpg,2026-03-12T03:02:53+00:00,146780,products/186d41d419044e85a7f0eaae259d0ba0_Image_82.jpg,2026-03-12T03:03:01+00:00,48989,products/ba5bdb54eaa0454488dc057eda6e1835_Image_82.jpg,2026-03-12T03:24:11+00:00,58451,products/e84d0ab12ff6411b95e88dc76dce73f2_Image_82.jpg,2026-03-12T03:24:24+00:00,146780,products/cb9c9137c0be4f56a56e6f82c64698fd_Image_82.jpg,2026-03-12T03:24:34+00:00,48989,,,,,,,,,,,,,,,,,,
95,국내산 상추 1kg,products/lettuce/Image_98.jpg,Image_98.jpg,3,6,,,,,products/9063c8249ebb4a89ab7c3bdf892c9b1d_Image_98.jpg,2026-03-12T03:02:46+00:00,141794,products/08bc0d82a768449db02b3c896add3165_Image_98.jpg,2026-03-12T03:02:53+00:00,120965,products/472368037b0b430b86390bb17a68aef5_Image_98.jpg,2026-03-12T03:02:53+00:00,148470,products/0bd3a1ebd1b648669d626c7318631cef_Image_98.jpg,2026-03-12T03:24:16+00:00,141794,products/4cbb7f94aa8d40c5ace04fb0c889e912_Image_98.jpg,2026-03-12T03:24:24+00:00,148470,products/a811c057942441f999e1877abf61a4f1_Image_98.jpg,2026-03-12T03:24:24+00:00,120965,,,,,,,,,,,,,,,,,,
96,신선한 망고 1kg,products/mango/Image_25.jpg,Image_25.jpg,1,2,,products/d59fbe7cb80c4299bd6fef6444cac8e8_Image_25.jpg,,auto-selected latest candidate for unique suffix,products/427e20f83d3a495faac0e7b688a6cfa3_Image_25.jpg,2026-03-12T03:02:53+00:00,200318,products/d59fbe7cb80c4299bd6fef6444cac8e8_Image_25.jpg,2026-03-12T03:24:24+00:00,200318,,,,,,,,,,,,,,,,,,,,,,,,,,,,,,
97,프리미엄 망고 1kg,products/mango/Image_44.jpg,Image_44.jpg,4,8,,,,,products/c4a19891166043f686bdf7e12a2cf0f2_Image_44.jpg,2026-03-12T03:02:50+00:00,17612,products/04cba1226b1f4c529680607ce7719de4_Image_44.jpg,2026-03-12T03:02:53+00:00,701327,products/3b1a96d4aa5f4eb1adf56a55ab1c8098_Image_44.jpg,2026-03-12T03:02:53+00:00,135666,products/7b5ebb5119184a6bb309e825d5e300f4_Image_44.jpg,2026-03-12T03:02:57+00:00,6825750,products/b2572389deea44c7942376486d9aca85_Image_44.jpg,2026-03-12T03:24:20+00:00,17612,products/38c859ae09494ac3857422baaf9bad4d_Image_44.jpg,2026-03-12T03:24:24+00:00,701327,products/a89f0991f4584c0b95559eb245faa68c_Image_44.jpg,2026-03-12T03:24:24+00:00,135666,products/4e4a0f2fce9949cb9ada90960aa9b3bb_Image_44.jpg,2026-03-12T03:24:29+00:00,6825750,,,,,,,,,,,,
98,국내산 망고 500g,products/mango/Image_45.jpg,Image_45.jpg,1,2,,products/9d8470a93e8c4d7bb2a541b3938c437f_Image_45.jpg,,auto-selected latest candidate for unique suffix,products/b0b8de6e61634173a2f3787e546a6e44_Image_45.jpg,2026-03-12T03:02:53+00:00,108691,products/9d8470a93e8c4d7bb2a541b3938c437f_Image_45.jpg,2026-03-12T03:24:24+00:00,108691,,,,,,,,,,,,,,,,,,,,,,,,,,,,,,
99,고당도 망고 1kg,products/mango/Image_54.jpg,Image_54.jpg,1,2,,products/117f89128b174631923c7009e0e265dc_Image_54.jpg,,auto-selected latest candidate for unique suffix,products/12c74115d7d14b47b2b26bf2954c43d1_Image_54.jpg,2026-03-12T03:02:53+00:00,79729,products/117f89128b174631923c7009e0e265dc_Image_54.jpg,2026-03-12T03:24:24+00:00,79729,,,,,,,,,,,,,,,,,,,,,,,,,,,,,,
100,유기농 망고 500g,products/mango/Image_56.png,Image_56.png,1,2,,products/4152d3983630465faead8a0937a73132_Image_56.png,,auto-selected latest candidate for unique suffix,products/f9de76ca946f4863a48b3d9fe5e95a4b_Image_56.png,2026-03-12T03:02:53+00:00,172725,products/4152d3983630465faead8a0937a73132_Image_56.png,2026-03-12T03:24:25+00:00,172725,,,,,,,,,,,,,,,,,,,,,,,,,,,,,,
101,국내산 양파 500g,products/onion/Image_19.jpg,Image_19.jpg,2,4,,,,,products/3f0d0b238fed49aabfdbcb0e7609b884_Image_19.jpg,2026-03-12T03:02:50+00:00,154195,products/c8211ca20a3d490caf48103dcc999f44_Image_19.jpg,2026-03-12T03:02:54+00:00,138410,products/1434daea7f0847df906bfe4830d5182a_Image_19.jpg,2026-03-12T03:24:21+00:00,154195,products/e735beaa7f0c45f88fab0991f83d22f6_Image_19.jpg,2026-03-12T03:24:25+00:00,138410,,,,,,,,,,,,,,,,,,,,,,,,
102,신선한 양파 500g,products/onion/Image_30.jpg,Image_30.jpg,3,6,,,,,products/6dd6a999626c4d73b866dfaf7b8ae72f_Image_30.jpg,2026-03-12T03:02:54+00:00,29576,products/35d6fe219f154e2990ca3f08b06c055a_Image_30.jpg,2026-03-12T03:02:59+00:00,225395,products/a75804ce7c7146e2be7ce5499c26702c_Image_30.jpg,2026-03-12T03:03:01+00:00,125971,products/341dacc47d314c37925fc26e74bf1b3c_Image_30.jpg,2026-03-12T03:24:25+00:00,29576,products/85840ecd9aff474f82f67dcfda44861e_Image_30.jpg,2026-03-12T03:24:32+00:00,225395,products/8b50358533304a62822fb5d2e2b73ae3_Image_30.jpg,2026-03-12T03:24:34+00:00,125971,,,,,,,,,,,,,,,,,,
103,프리미엄 양파 500g,products/onion/Image_40.jpg,Image_40.jpg,3,6,,,,,products/801509f097d44993ab7ce7732f52f170_Image_40.jpg,2026-03-12T03:02:54+00:00,81471,products/18c0a1d437fa4d37b36c173d460154e3_Image_40.jpg,2026-03-12T03:02:55+00:00,304221,products/48ee55dcc61d4bf297aba1e7766a2d26_Image_40.jpg,2026-03-12T03:03:00+00:00,919653,products/c1df3c0e6d884e5c9a7bb234eef8bc94_Image_40.jpg,2026-03-12T03:24:25+00:00,81471,products/8afa8269cee54a4eb74308548433c2b1_Image_40.jpg,2026-03-12T03:24:26+00:00,304221,products/f66b5ae5e8af4197980f28e4964cec36_Image_40.jpg,2026-03-12T03:24:33+00:00,919653,,,,,,,,,,,,,,,,,,
104,유기농 양파 1kg,products/onion/Image_58.jpg,Image_58.jpg,2,4,,,,,products/e45d19f977b04a81aac3b6014e067461_Image_58.jpg,2026-03-12T03:02:48+00:00,66812,products/7167c0c7e57c4fb0bdbf69fc9f56e138_Image_58.jpg,2026-03-12T03:02:54+00:00,63445,products/b9c38d6ce5fb4561b72f851cce3a0cf2_Image_58.jpg,2026-03-12T03:24:18+00:00,66812,products/344ce02d9b0b4882aa5825e098e74fde_Image_58.jpg,2026-03-12T03:24:25+00:00,63445,,,,,,,,,,,,,,,,,,,,,,,,
105,고당도 양파 1kg,products/onion/Image_91.jpg,Image_91.jpg,1,2,,products/840befd7389f456d953a30b9029680f7_Image_91.jpg,,auto-selected latest candidate for unique suffix,products/3a69a75e18824c859b10dee71919f888_Image_91.jpg,2026-03-12T03:02:54+00:00,224870,products/840befd7389f456d953a30b9029680f7_Image_91.jpg,2026-03-12T03:24:25+00:00,224870,,,,,,,,,,,,,,,,,,,,,,,,,,,,,,
106,국내산 오렌지 1kg,products/orange/Image_11.jpg,Image_11.jpg,6,12,,,,,products/e2b8e81e06e640d891dffdadbb958286_Image_11.jpg,2026-03-12T03:02:43+00:00,87582,products/d19ecca3fc374fa88aac2c0452b70aeb_Image_11.jpg,2026-03-12T03:02:45+00:00,34360,products/1c219ef21c184ccfbdec74f2dde183da_Image_11.jpg,2026-03-12T03:02:53+00:00,212255,products/98242c24bfe9489188acfad172831eb6_Image_11.jpg,2026-03-12T03:02:54+00:00,641472,products/9a23f5f6c88a4c9e983e513e84c58b22_Image_11.jpg,2026-03-12T03:02:56+00:00,184748,products/9dd6c468b4eb4791a822d947c0a4c8b7_Image_11.jpg,2026-03-12T03:02:56+00:00,3114862,products/a5d217a18d304c9b9a83dc8251f2e73c_Image_11.jpg,2026-03-12T03:24:13+00:00,87582,products/aa62b690d9a642b8ac2de4a01f4b73eb_Image_11.jpg,2026-03-12T03:24:15+00:00,34360,products/e409e06a6ccd46de8d98baea4580c0e0_Image_11.jpg,2026-03-12T03:24:24+00:00,212255,products/c4e9429587af4991859e790ef27b1740_Image_11.jpg,2026-03-12T03:24:25+00:00,641472,products/2a0cf680f7bf4b58b2c331dfa01e5cf2_Image_11.jpg,2026-03-12T03:24:28+00:00,184748,products/c09a70ba1ab24cd2af2b5c7b55b952cc_Image_11.jpg,2026-03-12T03:24:28+00:00,3114862
107,신선한 오렌지 1kg,products/orange/Image_28.jpg,Image_28.jpg,3,6,,,,,products/05845557e9124975a6f85e0157387940_Image_28.jpg,2026-03-12T03:02:47+00:00,365908,products/479f519800bd4ec4abf125cee99d4176_Image_28.jpg,2026-03-12T03:02:54+00:00,1883667,products/9ab10597d29b4a8daf7aa28bcdecdcfa_Image_28.jpg,2026-03-12T03:02:56+00:00,82376,products/4930b1539835434196675437d5314cd0_Image_28.jpg,2026-03-12T03:24:18+00:00,365908,products/062c71e93f1d41e1bdbf864b08b44a8a_Image_28.jpg,2026-03-12T03:24:25+00:00,1883667,products/88f67fb91ce545cbbf0afbe22a6f84fa_Image_28.jpg,2026-03-12T03:24:28+00:00,82376,,,,,,,,,,,,,,,,,,
108,고당도 오렌지 500g,products/orange/Image_39.jpeg,Image_39.jpeg,1,2,,products/1fcb3177bb964549b20bc3aa1965966e_Image_39.jpeg,,auto-selected latest candidate for unique suffix,products/a6da3e367b0044fab4a73490eb5e0ac2_Image_39.jpeg,2026-03-12T03:02:55+00:00,176175,products/1fcb3177bb964549b20bc3aa1965966e_Image_39.jpeg,2026-03-12T03:24:26+00:00,176175,,,,,,,,,,,,,,,,,,,,,,,,,,,,,,
109,유기농 오렌지 1kg,products/orange/Image_40.jpg,Image_40.jpg,3,6,,,,,products/801509f097d44993ab7ce7732f52f170_Image_40.jpg,2026-03-12T03:02:54+00:00,81471,products/18c0a1d437fa4d37b36c173d460154e3_Image_40.jpg,2026-03-12T03:02:55+00:00,304221,products/48ee55dcc61d4bf297aba1e7766a2d26_Image_40.jpg,2026-03-12T03:03:00+00:00,919653,products/c1df3c0e6d884e5c9a7bb234eef8bc94_Image_40.jpg,2026-03-12T03:24:25+00:00,81471,products/8afa8269cee54a4eb74308548433c2b1_Image_40.jpg,2026-03-12T03:24:26+00:00,304221,products/f66b5ae5e8af4197980f28e4964cec36_Image_40.jpg,2026-03-12T03:24:33+00:00,919653,,,,,,,,,,,,,,,,,,
110,프리미엄 오렌지 500g,products/orange/Image_8.jpeg,Image_8.jpeg,1,2,,products/f7146338d4854b8c9db0fb2a1a758846_Image_8.jpeg,,auto-selected latest candidate for unique suffix,products/baec4e39ced64a79a4001e910421de6d_Image_8.jpeg,2026-03-12T03:02:55+00:00,5203051,products/f7146338d4854b8c9db0fb2a1a758846_Image_8.jpeg,2026-03-12T03:24:26+00:00,5203051,,,,,,,,,,,,,,,,,,,,,,,,,,,,,,
111,고당도 파프리카 500g,products/paprika/Image_1.jpg,Image_1.jpg,3,6,,,,,products/388e9f05b4024348a0bcef14552078ae_Image_1.jpg,2026-03-12T03:02:43+00:00,275867,products/b5b1f175b813457b9cfe1a451748afd5_Image_1.jpg,2026-03-12T03:02:55+00:00,300154,products/2f1c832b76c641a69e8724a48bbb5f29_Image_1.jpg,2026-03-12T03:02:58+00:00,144153,products/0fcc736047e048da8b8410dce9252afd_Image_1.jpg,2026-03-12T03:24:13+00:00,275867,products/052f57f5511b4c8097732295a695ceb7_Image_1.jpg,2026-03-12T03:24:27+00:00,300154,products/52f80ec15c1245ed84b65b296cf911d4_Image_1.jpg,2026-03-12T03:24:30+00:00,144153,,,,,,,,,,,,,,,,,,
112,신선한 파프리카 500g,products/paprika/Image_14.png,Image_14.png,1,2,,products/68f90c4c45644709b0401ad1f9b08c8b_Image_14.png,,auto-selected latest candidate for unique suffix,products/1d3b8c23e4b744a88be22602d9bba84b_Image_14.png,2026-03-12T03:02:55+00:00,1243508,products/68f90c4c45644709b0401ad1f9b08c8b_Image_14.png,2026-03-12T03:24:27+00:00,1243508,,,,,,,,,,,,,,,,,,,,,,,,,,,,,,
113,유기농 파프리카 500g,products/paprika/Image_20.jpg,Image_20.jpg,4,8,,,,,products/8440febebf6d4aa7b00c6d9d7d1a72a8_Image_20.jpg,2026-03-12T03:02:44+00:00,160876,products/7b0d0e094fd343c08a04ddd5de1e8af8_Image_20.jpg,2026-03-12T03:02:45+00:00,164758,products/b02170434aa74317adc75002f8e70a4d_Image_20.jpg,2026-03-12T03:02:47+00:00,258783,products/137ee43720c24630872301c458b74de7_Image_20.jpg,2026-03-12T03:02:55+00:00,56963,products/f6555de14cac47fc8e2a2da7c163dc51_Image_20.jpg,2026-03-12T03:24:14+00:00,160876,products/a310f89e9ce64e94a0df1b0a6831b809_Image_20.jpg,2026-03-12T03:24:15+00:00,164758,products/9ed78d9b490349bd9e4200b57935f9ba_Image_20.jpg,2026-03-12T03:24:17+00:00,258783,products/ab0a28a863ca4f9f89281851d6dd5ec1_Image_20.jpg,2026-03-12T03:24:27+00:00,56963,,,,,,,,,,,,
114,프리미엄 파프리카 1kg,products/paprika/Image_85.jpeg,Image_85.jpeg,1,2,,products/7c4a19477fd94896934ab6264f8b77ef_Image_85.jpeg,,auto-selected latest candidate for unique suffix,products/d674584373bb4f3cbc894339ff329bb0_Image_85.jpeg,2026-03-12T03:02:55+00:00,193041,products/7c4a19477fd94896934ab6264f8b77ef_Image_85.jpeg,2026-03-12T03:24:27+00:00,193041,,,,,,,,,,,,,,,,,,,,,,,,,,,,,,
115,국내산 파프리카 1kg,products/paprika/Image_95.jpg,Image_95.jpg,1,2,,products/9f170e9d8a064688be7308508a91b766_Image_95.jpg,,auto-selected latest candidate for unique suffix,products/492e423e65e2485891351c8ecd970f4c_Image_95.jpg,2026-03-12T03:02:55+00:00,85594,products/9f170e9d8a064688be7308508a91b766_Image_95.jpg,2026-03-12T03:24:27+00:00,85594,,,,,,,,,,,,,,,,,,,,,,,,,,,,,,
116,신선한 배 500g,products/pear/Image_2.jpg,Image_2.jpg,1,2,,products/803871349e574d9c8ab7f59bfe20f108_Image_2.jpg,,auto-selected latest candidate for unique suffix,products/0f3dd4fab622418d878dc7cc29fdc23a_Image_2.jpg,2026-03-12T03:02:56+00:00,338940,products/803871349e574d9c8ab7f59bfe20f108_Image_2.jpg,2026-03-12T03:24:27+00:00,338940,,,,,,,,,,,,,,,,,,,,,,,,,,,,,,
117,고당도 배 500g,products/pear/Image_27.jpg,Image_27.jpg,3,6,,,,,products/65ae8226983b4f7e813896739ae57a66_Image_27.jpg,2026-03-12T03:02:40+00:00,48443,products/f1725f15c845451289d14f5550fee999_Image_27.jpg,2026-03-12T03:02:45+00:00,1035172,products/37899ae1307e46c3a1c537b9e929a3b6_Image_27.jpg,2026-03-12T03:02:56+00:00,92021,products/243a48dcc9dc44deb0f0d66f7bbb08da_Image_27.jpg,2026-03-12T03:24:10+00:00,48443,products/1f9c2b19d0884145916a2262177a4f3a_Image_27.jpg,2026-03-12T03:24:14+00:00,1035172,products/af0635e08203496b8e677aa0d0e18b97_Image_27.jpg,2026-03-12T03:24:27+00:00,92021,,,,,,,,,,,,,,,,,,
118,프리미엄 배 1kg,products/pear/Image_47.jpeg,Image_47.jpeg,1,2,,products/788af61ac8074b15a621db1696bf8668_Image_47.jpeg,,auto-selected latest candidate for unique suffix,products/4169354deb73489c970f3bc3d2f002c2_Image_47.jpeg,2026-03-12T03:02:56+00:00,95808,products/788af61ac8074b15a621db1696bf8668_Image_47.jpeg,2026-03-12T03:24:27+00:00,95808,,,,,,,,,,,,,,,,,,,,,,,,,,,,,,
119,유기농 배 500g,products/pear/Image_58.png,Image_58.png,1,2,,products/69484057adf44b31a03c307cb81432cd_Image_58.png,,auto-selected latest candidate for unique suffix,products/cff6494458814f0ca081858b80bb9bb7_Image_58.png,2026-03-12T03:02:56+00:00,81643,products/69484057adf44b31a03c307cb81432cd_Image_58.png,2026-03-12T03:24:27+00:00,81643,,,,,,,,,,,,,,,,,,,,,,,,,,,,,,
120,국내산 배 1kg,products/pear/Image_73.jpg,Image_73.jpg,1,2,,products/75cb8a368d2748ab9072ec5de6e61e09_Image_73.jpg,,auto-selected latest candidate for unique suffix,products/7c813fd62581427c9130ef40a3ad014e_Image_73.jpg,2026-03-12T03:02:56+00:00,285859,products/75cb8a368d2748ab9072ec5de6e61e09_Image_73.jpg,2026-03-12T03:24:28+00:00,285859,,,,,,,,,,,,,,,,,,,,,,,,,,,,,,
121,국내산 완두콩 500g,products/peas/Image_11.jpg,Image_11.jpg,6,12,,,,,products/e2b8e81e06e640d891dffdadbb958286_Image_11.jpg,2026-03-12T03:02:43+00:00,87582,products/d19ecca3fc374fa88aac2c0452b70aeb_Image_11.jpg,2026-03-12T03:02:45+00:00,34360,products/1c219ef21c184ccfbdec74f2dde183da_Image_11.jpg,2026-03-12T03:02:53+00:00,212255,products/98242c24bfe9489188acfad172831eb6_Image_11.jpg,2026-03-12T03:02:54+00:00,641472,products/9a23f5f6c88a4c9e983e513e84c58b22_Image_11.jpg,2026-03-12T03:02:56+00:00,184748,products/9dd6c468b4eb4791a822d947c0a4c8b7_Image_11.jpg,2026-03-12T03:02:56+00:00,3114862,products/a5d217a18d304c9b9a83dc8251f2e73c_Image_11.jpg,2026-03-12T03:24:13+00:00,87582,products/aa62b690d9a642b8ac2de4a01f4b73eb_Image_11.jpg,2026-03-12T03:24:15+00:00,34360,products/e409e06a6ccd46de8d98baea4580c0e0_Image_11.jpg,2026-03-12T03:24:24+00:00,212255,products/c4e9429587af4991859e790ef27b1740_Image_11.jpg,2026-03-12T03:24:25+00:00,641472,products/2a0cf680f7bf4b58b2c331dfa01e5cf2_Image_11.jpg,2026-03-12T03:24:28+00:00,184748,products/c09a70ba1ab24cd2af2b5c7b55b952cc_Image_11.jpg,2026-03-12T03:24:28+00:00,3114862
122,프리미엄 완두콩 500g,products/peas/Image_28.jpg,Image_28.jpg,3,6,,,,,products/05845557e9124975a6f85e0157387940_Image_28.jpg,2026-03-12T03:02:47+00:00,365908,products/479f519800bd4ec4abf125cee99d4176_Image_28.jpg,2026-03-12T03:02:54+00:00,1883667,products/9ab10597d29b4a8daf7aa28bcdecdcfa_Image_28.jpg,2026-03-12T03:02:56+00:00,82376,products/4930b1539835434196675437d5314cd0_Image_28.jpg,2026-03-12T03:24:18+00:00,365908,products/062c71e93f1d41e1bdbf864b08b44a8a_Image_28.jpg,2026-03-12T03:24:25+00:00,1883667,products/88f67fb91ce545cbbf0afbe22a6f84fa_Image_28.jpg,2026-03-12T03:24:28+00:00,82376,,,,,,,,,,,,,,,,,,
123,고당도 완두콩 1kg,products/peas/Image_5.png,Image_5.png,1,2,,products/d67232e774e54c1eb1ca6456cdb9e502_Image_5.png,,auto-selected latest candidate for unique suffix,products/a47dcd0c41dd425b99fb34681e5193d9_Image_5.png,2026-03-12T03:02:56+00:00,1128643,products/d67232e774e54c1eb1ca6456cdb9e502_Image_5.png,2026-03-12T03:24:28+00:00,1128643,,,,,,,,,,,,,,,,,,,,,,,,,,,,,,
124,유기농 완두콩 500g,products/peas/Image_57.jpg,Image_57.jpg,3,6,,,,,products/a4676700710549e4a6949940e308928d_Image_57.jpg,2026-03-12T03:02:42+00:00,147485,products/9b3059684fb1452c86eacda5b8b64bd3_Image_57.jpg,2026-03-12T03:02:50+00:00,76001,products/27cdf0389d5845d0aef23b3c873c6b5e_Image_57.jpg,2026-03-12T03:02:56+00:00,123507,products/332f50ed4d6a4a818a5c56aeb7e8645a_Image_57.jpg,2026-03-12T03:24:12+00:00,147485,products/d5fb638f0e6a4b90826989cc41672e3a_Image_57.jpg,2026-03-12T03:24:20+00:00,76001,products/5b8282a6bdf04950b84f693df4b06300_Image_57.jpg,2026-03-12T03:24:28+00:00,123507,,,,,,,,,,,,,,,,,,
125,신선한 완두콩 1kg,products/peas/Image_70.jpg,Image_70.jpg,1,2,,products/65d92f7f7d894d1d92d8a0ba464101d4_Image_70.jpg,,auto-selected latest candidate for unique suffix,products/4e81480393704ef7b641ddbb248eb359_Image_70.jpg,2026-03-12T03:02:56+00:00,343078,products/65d92f7f7d894d1d92d8a0ba464101d4_Image_70.jpg,2026-03-12T03:24:28+00:00,343078,,,,,,,,,,,,,,,,,,,,,,,,,,,,,,
126,유기농 파인애플 1kg,products/pineapple/Image_11.jpg,Image_11.jpg,6,12,,,,,products/e2b8e81e06e640d891dffdadbb958286_Image_11.jpg,2026-03-12T03:02:43+00:00,87582,products/d19ecca3fc374fa88aac2c0452b70aeb_Image_11.jpg,2026-03-12T03:02:45+00:00,34360,products/1c219ef21c184ccfbdec74f2dde183da_Image_11.jpg,2026-03-12T03:02:53+00:00,212255,products/98242c24bfe9489188acfad172831eb6_Image_11.jpg,2026-03-12T03:02:54+00:00,641472,products/9a23f5f6c88a4c9e983e513e84c58b22_Image_11.jpg,2026-03-12T03:02:56+00:00,184748,products/9dd6c468b4eb4791a822d947c0a4c8b7_Image_11.jpg,2026-03-12T03:02:56+00:00,3114862,products/a5d217a18d304c9b9a83dc8251f2e73c_Image_11.jpg,2026-03-12T03:24:13+00:00,87582,products/aa62b690d9a642b8ac2de4a01f4b73eb_Image_11.jpg,2026-03-12T03:24:15+00:00,34360,products/e409e06a6ccd46de8d98baea4580c0e0_Image_11.jpg,2026-03-12T03:24:24+00:00,212255,products/c4e9429587af4991859e790ef27b1740_Image_11.jpg,2026-03-12T03:24:25+00:00,641472,products/2a0cf680f7bf4b58b2c331dfa01e5cf2_Image_11.jpg,2026-03-12T03:24:28+00:00,184748,products/c09a70ba1ab24cd2af2b5c7b55b952cc_Image_11.jpg,2026-03-12T03:24:28+00:00,3114862
127,국내산 파인애플 500g,products/pineapple/Image_32.jpg,Image_32.jpg,1,2,,products/dd1805a290aa4b7191672c5536ced791_Image_32.jpg,,auto-selected latest candidate for unique suffix,products/9a3b863df7e64a24a2289c8f38676aa6_Image_32.jpg,2026-03-12T03:02:57+00:00,320005,products/dd1805a290aa4b7191672c5536ced791_Image_32.jpg,2026-03-12T03:24:28+00:00,320005,,,,,,,,,,,,,,,,,,,,,,,,,,,,,,
128,고당도 파인애플 1kg,products/pineapple/Image_44.jpg,Image_44.jpg,4,8,,,,,products/c4a19891166043f686bdf7e12a2cf0f2_Image_44.jpg,2026-03-12T03:02:50+00:00,17612,products/04cba1226b1f4c529680607ce7719de4_Image_44.jpg,2026-03-12T03:02:53+00:00,701327,products/3b1a96d4aa5f4eb1adf56a55ab1c8098_Image_44.jpg,2026-03-12T03:02:53+00:00,135666,products/7b5ebb5119184a6bb309e825d5e300f4_Image_44.jpg,2026-03-12T03:02:57+00:00,6825750,products/b2572389deea44c7942376486d9aca85_Image_44.jpg,2026-03-12T03:24:20+00:00,17612,products/38c859ae09494ac3857422baaf9bad4d_Image_44.jpg,2026-03-12T03:24:24+00:00,701327,products/a89f0991f4584c0b95559eb245faa68c_Image_44.jpg,2026-03-12T03:24:24+00:00,135666,products/4e4a0f2fce9949cb9ada90960aa9b3bb_Image_44.jpg,2026-03-12T03:24:29+00:00,6825750,,,,,,,,,,,,
129,신선한 파인애플 1kg,products/pineapple/Image_65.jpg,Image_65.jpg,2,4,,,,,products/48e1e1bff6a24cd8b4e158242fe0de41_Image_65.jpg,2026-03-12T03:02:57+00:00,149213,products/8ef872430f184c5fb28cdf569d19039a_Image_65.jpg,2026-03-12T03:03:01+00:00,56654,products/7d30e455671245e18933e1dc896dac2e_Image_65.jpg,2026-03-12T03:24:29+00:00,149213,products/05f96d94d8564291bac47ed1a13f312e_Image_65.jpg,2026-03-12T03:24:34+00:00,56654,,,,,,,,,,,,,,,,,,,,,,,,
130,프리미엄 파인애플 1kg,products/pineapple/Image_93.jpg,Image_93.jpg,2,4,,,,,products/b6ffe783c3f1463d989b5d9210dc6ffb_Image_93.jpg,2026-03-12T03:02:42+00:00,61306,products/252f43cca1904d1e8936c5cc78692890_Image_93.jpg,2026-03-12T03:02:57+00:00,176402,products/e5635f81814f4279a048a80d82fbb7c3_Image_93.jpg,2026-03-12T03:24:11+00:00,61306,products/db0e085e40bf46d3a225c15a0afceb2a_Image_93.jpg,2026-03-12T03:24:29+00:00,176402,,,,,,,,,,,,,,,,,,,,,,,,
131,프리미엄 석류 500g,products/pomegranate/Image_10.jpg,Image_10.jpg,1,2,,products/3902c2357dd444c585e2729ece642bb8_Image_10.jpg,,auto-selected latest candidate for unique suffix,products/d89a19c539804d0e847b9390e5e89063_Image_10.jpg,2026-03-12T03:02:57+00:00,186138,products/3902c2357dd444c585e2729ece642bb8_Image_10.jpg,2026-03-12T03:24:29+00:00,186138,,,,,,,,,,,,,,,,,,,,,,,,,,,,,,
132,고당도 석류 1kg,products/pomegranate/Image_23.jpg,Image_23.jpg,2,4,,,,,products/d236f551cc2b4e94a015761899249a98_Image_23.jpg,2026-03-12T03:02:45+00:00,51982,products/65c3306cc33c46d2896a1251a7e34b14_Image_23.jpg,2026-03-12T03:02:57+00:00,577783,products/eb901f44f64046a29866aba68159fb5b_Image_23.jpg,2026-03-12T03:24:14+00:00,51982,products/67ac927136894e37bb9e426440c43c16_Image_23.jpg,2026-03-12T03:24:29+00:00,577783,,,,,,,,,,,,,,,,,,,,,,,,
133,국내산 석류 1kg,products/pomegranate/Image_38.jpg,Image_38.jpg,2,4,,,,,products/0ac4bb20f1e3479f802ebd5e6db3c9d7_Image_38.jpg,2026-03-12T03:02:48+00:00,63503,products/eb186fa52e764b70a69045454483305c_Image_38.jpg,2026-03-12T03:02:57+00:00,227510,products/3aa53b1313604afb8ff2d59c3846ad67_Image_38.jpg,2026-03-12T03:24:18+00:00,63503,products/7ba2325b7a404c3ca8f2f4ddafc7107b_Image_38.jpg,2026-03-12T03:24:30+00:00,227510,,,,,,,,,,,,,,,,,,,,,,,,
134,유기농 석류 500g,products/pomegranate/Image_56.jpg,Image_56.jpg,3,6,,,,,products/11bee58488b74462bc7fa8a5d0d58b04_Image_56.jpg,2026-03-12T03:02:41+00:00,10580,products/7dfc387eb5ba46b7820c4de17925b034_Image_56.jpg,2026-03-12T03:02:43+00:00,662231,products/ae9ab8fd10154667bf7020ee37b076e5_Image_56.jpg,2026-03-12T03:02:57+00:00,579940,products/81ac6eec5e1f4c29b008fe26aa6af752_Image_56.jpg,2026-03-12T03:24:10+00:00,10580,products/08af3aa234e54ef7a2e2456928740ee6_Image_56.jpg,2026-03-12T03:24:13+00:00,662231,products/83aaa4bd60214c729af92ba1aa66a131_Image_56.jpg,2026-03-12T03:24:30+00:00,579940,,,,,,,,,,,,,,,,,,
135,신선한 석류 500g,products/pomegranate/Image_99.jpg,Image_99.jpg,5,10,,,,,products/90111cf02dfd433c968b0a4ffb2b2e3e_Image_99.jpg,2026-03-12T03:02:44+00:00,539708,products/b8d1a766ba3a4c82b832a77d79824c6b_Image_99.jpg,2026-03-12T03:02:48+00:00,470656,products/b76b1685ac4543b89dcab9af745ade3f_Image_99.jpg,2026-03-12T03:02:50+00:00,171679,products/db5bf6d603de4603bda5b2b8223f7f6b_Image_99.jpg,2026-03-12T03:02:57+00:00,136130,products/6d5301b81ef74bca93bd0a4ad55270aa_Image_99.jpg,2026-03-12T03:03:01+00:00,216013,products/311f16f42c6045ed8d697e3801bdfd63_Image_99.jpg,2026-03-12T03:24:14+00:00,539708,products/526f9f08f8f04ee78b07bb25ed9eab67_Image_99.jpg,2026-03-12T03:24:19+00:00,470656,products/8a983671e80e4cabbe89685673252331_Image_99.jpg,2026-03-12T03:24:21+00:00,171679,products/abca3b11716648249ccdaed16d8e01da_Image_99.jpg,2026-03-12T03:24:30+00:00,136130,products/c9d6f9fe25914ffc964c4e6395bac6fe_Image_99.jpg,2026-03-12T03:24:34+00:00,216013,,,,,,
136,신선한 감자 1kg,products/potato/Image_1.jpg,Image_1.jpg,3,6,,,,,products/388e9f05b4024348a0bcef14552078ae_Image_1.jpg,2026-03-12T03:02:43+00:00,275867,products/b5b1f175b813457b9cfe1a451748afd5_Image_1.jpg,2026-03-12T03:02:55+00:00,300154,products/2f1c832b76c641a69e8724a48bbb5f29_Image_1.jpg,2026-03-12T03:02:58+00:00,144153,products/0fcc736047e048da8b8410dce9252afd_Image_1.jpg,2026-03-12T03:24:13+00:00,275867,products/052f57f5511b4c8097732295a695ceb7_Image_1.jpg,2026-03-12T03:24:27+00:00,300154,products/52f80ec15c1245ed84b65b296cf911d4_Image_1.jpg,2026-03-12T03:24:30+00:00,144153,,,,,,,,,,,,,,,,,,
137,고당도 감자 500g,products/potato/Image_100.jpg,Image_100.jpg,4,8,,,,,products/2c8f89d43ab54e3daf0cdae5df74ec7c_Image_100.jpg,2026-03-12T03:02:44+00:00,78318,products/8b07a33c481949e1855759a95ea0ab0a_Image_100.jpg,2026-03-12T03:02:48+00:00,459147,products/a5539990e89c40e69e5c52a1c8688048_Image_100.jpg,2026-03-12T03:02:58+00:00,61050,products/9ea30553089244ea821426606780b94c_Image_100.jpg,2026-03-12T03:02:59+00:00,681497,products/d986648012c54a9ca5255793e498a771_Image_100.jpg,2026-03-12T03:24:14+00:00,78318,products/d881fd4e06c745a9a305e740568eb9b4_Image_100.jpg,2026-03-12T03:24:18+00:00,459147,products/bb77787ddc15404c91e13bf1425a133c_Image_100.jpg,2026-03-12T03:24:30+00:00,61050,products/a1c3ae8bc0324680b11a464cf1bf5cf9_Image_100.jpg,2026-03-12T03:24:32+00:00,681497,,,,,,,,,,,,
138,국내산 감자 1kg,products/potato/Image_14.jpg,Image_14.jpg,1,2,,products/a0a095824c01438ea103481937d565fa_Image_14.jpg,,auto-selected latest candidate for unique suffix,products/5ab543ce01d6483891d86d00e9289e71_Image_14.jpg,2026-03-12T03:02:58+00:00,66588,products/a0a095824c01438ea103481937d565fa_Image_14.jpg,2026-03-12T03:24:30+00:00,66588,,,,,,,,,,,,,,,,,,,,,,,,,,,,,,
139,유기농 감자 1kg,products/potato/Image_4.jpg,Image_4.jpg,1,2,,products/7eefddeab30e4253a9b0d75ff755b21c_Image_4.jpg,,auto-selected latest candidate for unique suffix,products/0443bcbe810945f7bfbf31f7835df28c_Image_4.jpg,2026-03-12T03:02:58+00:00,24844,products/7eefddeab30e4253a9b0d75ff755b21c_Image_4.jpg,2026-03-12T03:24:30+00:00,24844,,,,,,,,,,,,,,,,,,,,,,,,,,,,,,
140,프리미엄 감자 1kg,products/potato/Image_78.jpg,Image_78.jpg,1,2,,products/2545b50a16c047eebb91496934827ed8_Image_78.jpg,,auto-selected latest candidate for unique suffix,products/720cf18c622a4c3389861788458bc496_Image_78.jpg,2026-03-12T03:02:58+00:00,37962,products/2545b50a16c047eebb91496934827ed8_Image_78.jpg,2026-03-12T03:24:30+00:00,37962,,,,,,,,,,,,,,,,,,,,,,,,,,,,,,
141,유기농 무 500g,products/raddish/Image_16.jpg,Image_16.jpg,2,4,,,,,products/5749d3fa3b704c0994b5eaae807e2f79_Image_16.jpg,2026-03-12T03:02:58+00:00,134462,products/485db68892904290b702b2005be5123a_Image_16.jpg,2026-03-12T03:02:59+00:00,159327,products/cbb5a962eded41f492d1d720e3a23abf_Image_16.jpg,2026-03-12T03:24:30+00:00,134462,products/f536f78798b1461aaffc9eeb2045df21_Image_16.jpg,2026-03-12T03:24:31+00:00,159327,,,,,,,,,,,,,,,,,,,,,,,,
142,신선한 무 500g,products/raddish/Image_17.jpg,Image_17.jpg,3,6,,,,,products/81dc094e14854eaeb9d7e96475fe24b7_Image_17.jpg,2026-03-12T03:02:42+00:00,73475,products/93643d155bb9423cbcbf64a55ad322e4_Image_17.jpg,2026-03-12T03:02:48+00:00,657034,products/3f44c42948a149d481e751b8025d6d26_Image_17.jpg,2026-03-12T03:02:58+00:00,65680,products/c3e8ae596e8e44c2b26c3d540df2b99b_Image_17.jpg,2026-03-12T03:24:12+00:00,73475,products/f48883195a6a4078912352f6f2dd2989_Image_17.jpg,2026-03-12T03:24:19+00:00,657034,products/c5a55433717e4f7f81295d121329d763_Image_17.jpg,2026-03-12T03:24:30+00:00,65680,,,,,,,,,,,,,,,,,,
143,프리미엄 무 1kg,products/raddish/Image_37.jpg,Image_37.jpg,2,4,,,,,products/86f2ddcfde524bbda2c57f36244e70bf_Image_37.jpg,2026-03-12T03:02:46+00:00,78347,products/9adc732ece034bb68fe57c73aecdd7eb_Image_37.jpg,2026-03-12T03:02:58+00:00,140816,products/111659f9c3364cffa589c75f6027cfa9_Image_37.jpg,2026-03-12T03:24:16+00:00,78347,products/dae98bf139ee44c690995ea57c1032d7_Image_37.jpg,2026-03-12T03:24:31+00:00,140816,,,,,,,,,,,,,,,,,,,,,,,,
144,국내산 무 500g,products/raddish/Image_52.jpg,Image_52.jpg,2,4,,,,,products/ea3279d35ad84b5b89a3e4dbb5cec1fb_Image_52.jpg,2026-03-12T03:02:58+00:00,236304,products/603ba7059e5a40aea9b3a8efb98d92e3_Image_52.jpg,2026-03-12T03:03:02+00:00,9643933,products/ccbe6c8723d94902a600d2485d142360_Image_52.jpg,2026-03-12T03:24:31+00:00,236304,products/524fa0191e4f48cbba610bc6a63455b4_Image_52.jpg,2026-03-12T03:24:35+00:00,9643933,,,,,,,,,,,,,,,,,,,,,,,,
145,고당도 무 500g,products/raddish/Image_85.jpg,Image_85.jpg,1,2,,products/394e7ea427304eb38073c0f01639a493_Image_85.jpg,,auto-selected latest candidate for unique suffix,products/472e627042a54007948a5363a00520cf_Image_85.jpg,2026-03-12T03:02:58+00:00,122573,products/394e7ea427304eb38073c0f01639a493_Image_85.jpg,2026-03-12T03:24:31+00:00,122573,,,,,,,,,,,,,,,,,,,,,,,,,,,,,,
146,유기농 대두 500g,products/soy_beans/Image_35.jpg,Image_35.jpg,2,4,,,,,products/ccf6c3875e474253a1635ff35fcce486_Image_35.jpg,2026-03-12T03:02:58+00:00,414313,products/23721bac300f4e2185e9f92c817fe976_Image_35.jpg,2026-03-12T03:03:01+00:00,207329,products/ac2eb14cf9fc4569a0293b09ad42330d_Image_35.jpg,2026-03-12T03:24:31+00:00,414313,products/13015641d39f465ca15385a3b0556f33_Image_35.jpg,2026-03-12T03:24:34+00:00,207329,,,,,,,,,,,,,,,,,,,,,,,,
147,신선한 대두 1kg,products/soy_beans/Image_59.jpg,Image_59.jpg,1,2,,products/2c58a3f57a0b4c48a91d22ccccdc950e_Image_59.jpg,,auto-selected latest candidate for unique suffix,products/f609d2339d7e494f8aeb65022e83de57_Image_59.jpg,2026-03-12T03:02:58+00:00,939592,products/2c58a3f57a0b4c48a91d22ccccdc950e_Image_59.jpg,2026-03-12T03:24:31+00:00,939592,,,,,,,,,,,,,,,,,,,,,,,,,,,,,,
148,프리미엄 대두 1kg,products/soy_beans/Image_72.jpg,Image_72.jpg,3,6,,,,,products/48bb2cfd52b446b88c87fb7542a65c85_Image_72.jpg,2026-03-12T03:02:46+00:00,62221,products/58bfd121e9704a9aadc72aa9f0632dc4_Image_72.jpg,2026-03-12T03:02:47+00:00,232321,products/4707732b0b154dbba021d45eb41e22f6_Image_72.jpg,2026-03-12T03:02:59+00:00,190219,products/bab07840a0cb424ea0a63bd3e9814eaf_Image_72.jpg,2026-03-12T03:24:16+00:00,62221,products/09455f898f624f1f9f7a3b0df44269a8_Image_72.jpg,2026-03-12T03:24:17+00:00,232321,products/2cf5422d05a846179bb8904fccd78cfb_Image_72.jpg,2026-03-12T03:24:31+00:00,190219,,,,,,,,,,,,,,,,,,
149,고당도 대두 500g,products/soy_beans/Image_74.jpg,Image_74.jpg,3,6,,,,,products/bdfee29f98d2447caf6a29a1cea56eb7_Image_74.jpg,2026-03-12T03:02:48+00:00,43793,products/ed55bac5402e49b496e0b61846fccdbc_Image_74.jpg,2026-03-12T03:02:50+00:00,338704,products/d0603e0914e94b5f8a40e4003e4c1429_Image_74.jpg,2026-03-12T03:02:59+00:00,107115,products/3025c4ba061a434f895b688c15ce1312_Image_74.jpg,2026-03-12T03:24:19+00:00,43793,products/2cf22e57b8e442c98c2ef56c51e72d6c_Image_74.jpg,2026-03-12T03:24:20+00:00,338704,products/5f5616e3b0c54b5e8e94d2221f14172d_Image_74.jpg,2026-03-12T03:24:31+00:00,107115,,,,,,,,,,,,,,,,,,
150,국내산 대두 500g,products/soy_beans/Image_94.jpg,Image_94.jpg,2,4,,,,,products/34d411ff598444ae85fc62f9851a99e5_Image_94.jpg,2026-03-12T03:02:43+00:00,4633122,products/5f985dffbedf45b384195a0a3d3f6ff6_Image_94.jpg,2026-03-12T03:02:59+00:00,311114,products/e6c5fdbe57b84fd48ef0915f0bbe0f2f_Image_94.jpg,2026-03-12T03:24:12+00:00,4633122,products/6365f79adb404eb192510ece2826bae8_Image_94.jpg,2026-03-12T03:24:31+00:00,311114,,,,,,,,,,,,,,,,,,,,,,,,
151,국내산 시금치 1kg,products/spinach/Image_16.jpg,Image_16.jpg,2,4,,,,,products/5749d3fa3b704c0994b5eaae807e2f79_Image_16.jpg,2026-03-12T03:02:58+00:00,134462,products/485db68892904290b702b2005be5123a_Image_16.jpg,2026-03-12T03:02:59+00:00,159327,products/cbb5a962eded41f492d1d720e3a23abf_Image_16.jpg,2026-03-12T03:24:30+00:00,134462,products/f536f78798b1461aaffc9eeb2045df21_Image_16.jpg,2026-03-12T03:24:31+00:00,159327,,,,,,,,,,,,,,,,,,,,,,,,
152,유기농 시금치 500g,products/spinach/Image_24.jpg,Image_24.jpg,1,2,,products/a8462cc7f9914ca1924ae396e9d32b6f_Image_24.jpg,,auto-selected latest candidate for unique suffix,products/d5d7e3b82c624dc3a47db78d582415b5_Image_24.jpg,2026-03-12T03:02:59+00:00,596398,products/a8462cc7f9914ca1924ae396e9d32b6f_Image_24.jpg,2026-03-12T03:24:32+00:00,596398,,,,,,,,,,,,,,,,,,,,,,,,,,,,,,
153,고당도 시금치 1kg,products/spinach/Image_30.jpg,Image_30.jpg,3,6,,,,,products/6dd6a999626c4d73b866dfaf7b8ae72f_Image_30.jpg,2026-03-12T03:02:54+00:00,29576,products/35d6fe219f154e2990ca3f08b06c055a_Image_30.jpg,2026-03-12T03:02:59+00:00,225395,products/a75804ce7c7146e2be7ce5499c26702c_Image_30.jpg,2026-03-12T03:03:01+00:00,125971,products/341dacc47d314c37925fc26e74bf1b3c_Image_30.jpg,2026-03-12T03:24:25+00:00,29576,products/85840ecd9aff474f82f67dcfda44861e_Image_30.jpg,2026-03-12T03:24:32+00:00,225395,products/8b50358533304a62822fb5d2e2b73ae3_Image_30.jpg,2026-03-12T03:24:34+00:00,125971,,,,,,,,,,,,,,,,,,
154,신선한 시금치 500g,products/spinach/Image_50.jpg,Image_50.jpg,2,4,,,,,products/72057bf96bb349faaec4b14232bb1565_Image_50.jpg,2026-03-12T03:02:42+00:00,229299,products/eb97234e51fb4f99a2a8b0d6ad16dfa5_Image_50.jpg,2026-03-12T03:02:59+00:00,186553,products/791f7758f2a147009638aca553b72aa5_Image_50.jpg,2026-03-12T03:24:11+00:00,229299,products/6e3dbde5ce124a73b2a584995dd1473c_Image_50.jpg,2026-03-12T03:24:32+00:00,186553,,,,,,,,,,,,,,,,,,,,,,,,
155,프리미엄 시금치 1kg,products/spinach/Image_61.jpg,Image_61.jpg,1,2,,products/a5f246a1650d4938b0c74d5f80bc25d5_Image_61.jpg,,auto-selected latest candidate for unique suffix,products/4519de0c2fdb48bba169f3c6206e57b2_Image_61.jpg,2026-03-12T03:02:59+00:00,309032,products/a5f246a1650d4938b0c74d5f80bc25d5_Image_61.jpg,2026-03-12T03:24:32+00:00,309032,,,,,,,,,,,,,,,,,,,,,,,,,,,,,,
156,고당도 옥수수 500g,products/sweetcorn/Image_100.jpg,Image_100.jpg,4,8,,,,,products/2c8f89d43ab54e3daf0cdae5df74ec7c_Image_100.jpg,2026-03-12T03:02:44+00:00,78318,products/8b07a33c481949e1855759a95ea0ab0a_Image_100.jpg,2026-03-12T03:02:48+00:00,459147,products/a5539990e89c40e69e5c52a1c8688048_Image_100.jpg,2026-03-12T03:02:58+00:00,61050,products/9ea30553089244ea821426606780b94c_Image_100.jpg,2026-03-12T03:02:59+00:00,681497,products/d986648012c54a9ca5255793e498a771_Image_100.jpg,2026-03-12T03:24:14+00:00,78318,products/d881fd4e06c745a9a305e740568eb9b4_Image_100.jpg,2026-03-12T03:24:18+00:00,459147,products/bb77787ddc15404c91e13bf1425a133c_Image_100.jpg,2026-03-12T03:24:30+00:00,61050,products/a1c3ae8bc0324680b11a464cf1bf5cf9_Image_100.jpg,2026-03-12T03:24:32+00:00,681497,,,,,,,,,,,,
157,유기농 옥수수 1kg,products/sweetcorn/Image_22.jpg,Image_22.jpg,2,4,,,,,products/991cf4b04dcc4d98b391499a6e731ae9_Image_22.jpg,2026-03-12T03:02:59+00:00,460575,products/7d59dffe1307459e86f238d9b61cf7a1_Image_22.jpg,2026-03-12T03:03:00+00:00,148214,products/98ff7d869e814907ab8a7fdd902ee554_Image_22.jpg,2026-03-12T03:24:32+00:00,460575,products/59991f22596e41afac58757f95280453_Image_22.jpg,2026-03-12T03:24:33+00:00,148214,,,,,,,,,,,,,,,,,,,,,,,,
158,신선한 옥수수 500g,products/sweetcorn/Image_62.jpg,Image_62.jpg,1,2,,products/084567e90ceb40a79cbf18f502391489_Image_62.jpg,,auto-selected latest candidate for unique suffix,products/768f04c5ead94e69b5aa3a009f4e2cc4_Image_62.jpg,2026-03-12T03:02:59+00:00,64929,products/084567e90ceb40a79cbf18f502391489_Image_62.jpg,2026-03-12T03:24:32+00:00,64929,,,,,,,,,,,,,,,,,,,,,,,,,,,,,,
159,프리미엄 옥수수 500g,products/sweetcorn/Image_88.jpg,Image_88.jpg,1,2,,products/07c42fbb57824e289ae4bb76fc9ad9c2_Image_88.jpg,,auto-selected latest candidate for unique suffix,products/79e66b6ac9ed4290bc674c28e1be64a7_Image_88.jpg,2026-03-12T03:03:00+00:00,1158026,products/07c42fbb57824e289ae4bb76fc9ad9c2_Image_88.jpg,2026-03-12T03:24:32+00:00,1158026,,,,,,,,,,,,,,,,,,,,,,,,,,,,,,
160,국내산 옥수수 1kg,products/sweetcorn/Image_89.jpg,Image_89.jpg,2,4,,,,,products/6e6e6713f9a14ac2b859602a76fbf0f1_Image_89.jpg,2026-03-12T03:02:45+00:00,113518,products/8bb19a2cefab4729a16958e541b181ab_Image_89.jpg,2026-03-12T03:03:00+00:00,633449,products/0afa3bb9097a44b581e5654d63913d0a_Image_89.jpg,2026-03-12T03:24:15+00:00,113518,products/d897c84553f140af9663c06d36df167b_Image_89.jpg,2026-03-12T03:24:32+00:00,633449,,,,,,,,,,,,,,,,,,,,,,,,
161,국내산 고구마 1kg,products/sweetpotato/Image_22.jpg,Image_22.jpg,2,4,,,,,products/991cf4b04dcc4d98b391499a6e731ae9_Image_22.jpg,2026-03-12T03:02:59+00:00,460575,products/7d59dffe1307459e86f238d9b61cf7a1_Image_22.jpg,2026-03-12T03:03:00+00:00,148214,products/98ff7d869e814907ab8a7fdd902ee554_Image_22.jpg,2026-03-12T03:24:32+00:00,460575,products/59991f22596e41afac58757f95280453_Image_22.jpg,2026-03-12T03:24:33+00:00,148214,,,,,,,,,,,,,,,,,,,,,,,,
162,유기농 고구마 1kg,products/sweetpotato/Image_3.jpg,Image_3.jpg,3,6,,,,,products/654a9d62fa14403bb3c503e726ad8fca_Image_3.jpg,2026-03-12T03:02:45+00:00,295377,products/04043db73736430f91a6f4b74f89b074_Image_3.jpg,2026-03-12T03:03:00+00:00,1227748,products/cacc545701fd4bb5bdff875fa39b214a_Image_3.jpg,2026-03-12T03:03:00+00:00,673302,products/6039962de6e1436284d04f8c30824a84_Image_3.jpg,2026-03-12T03:24:15+00:00,295377,products/69aa3e5c27ed4cbcbf58d58052f19133_Image_3.jpg,2026-03-12T03:24:33+00:00,673302,products/e35c20840173432e8d3bbc317b670efd_Image_3.jpg,2026-03-12T03:24:33+00:00,1227748,,,,,,,,,,,,,,,,,,
163,프리미엄 고구마 500g,products/sweetpotato/Image_40.jpg,Image_40.jpg,3,6,,,,,products/801509f097d44993ab7ce7732f52f170_Image_40.jpg,2026-03-12T03:02:54+00:00,81471,products/18c0a1d437fa4d37b36c173d460154e3_Image_40.jpg,2026-03-12T03:02:55+00:00,304221,products/48ee55dcc61d4bf297aba1e7766a2d26_Image_40.jpg,2026-03-12T03:03:00+00:00,919653,products/c1df3c0e6d884e5c9a7bb234eef8bc94_Image_40.jpg,2026-03-12T03:24:25+00:00,81471,products/8afa8269cee54a4eb74308548433c2b1_Image_40.jpg,2026-03-12T03:24:26+00:00,304221,products/f66b5ae5e8af4197980f28e4964cec36_Image_40.jpg,2026-03-12T03:24:33+00:00,919653,,,,,,,,,,,,,,,,,,
164,신선한 고구마 1kg,products/sweetpotato/Image_77.jpg,Image_77.jpg,1,2,,products/e8a07cf2eb8c44cc8d47419c03477c05_Image_77.jpg,,auto-selected latest candidate for unique suffix,products/f537d4b5c3bc4976bf702f4b04ae4f63_Image_77.jpg,2026-03-12T03:03:00+00:00,168035,products/e8a07cf2eb8c44cc8d47419c03477c05_Image_77.jpg,2026-03-12T03:24:33+00:00,168035,,,,,,,,,,,,,,,,,,,,,,,,,,,,,,
165,고당도 고구마 1kg,products/sweetpotato/Image_9.jpg,Image_9.jpg,1,2,,products/8ee333ce9371423ba72dcda1962fd57d_Image_9.jpg,,auto-selected latest candidate for unique suffix,products/fd627efb096e40b18cbec06f383a1a4c_Image_9.jpg,2026-03-12T03:03:00+00:00,808873,products/8ee333ce9371423ba72dcda1962fd57d_Image_9.jpg,2026-03-12T03:24:33+00:00,808873,,,,,,,,,,,,,,,,,,,,,,,,,,,,,,
166,국내산 토마토 500g,products/tomato/Image_3.jpg,Image_3.jpg,3,6,,,,,products/654a9d62fa14403bb3c503e726ad8fca_Image_3.jpg,2026-03-12T03:02:45+00:00,295377,products/04043db73736430f91a6f4b74f89b074_Image_3.jpg,2026-03-12T03:03:00+00:00,1227748,products/cacc545701fd4bb5bdff875fa39b214a_Image_3.jpg,2026-03-12T03:03:00+00:00,673302,products/6039962de6e1436284d04f8c30824a84_Image_3.jpg,2026-03-12T03:24:15+00:00,295377,products/69aa3e5c27ed4cbcbf58d58052f19133_Image_3.jpg,2026-03-12T03:24:33+00:00,673302,products/e35c20840173432e8d3bbc317b670efd_Image_3.jpg,2026-03-12T03:24:33+00:00,1227748,,,,,,,,,,,,,,,,,,
167,고당도 토마토 500g,products/tomato/Image_31.png,Image_31.png,1,2,,products/3c0415c76556435084f5426a1a7f88ae_Image_31.png,,auto-selected latest candidate for unique suffix,products/60b8e8ff1a9d4aa7a231771ebdb42c71_Image_31.png,2026-03-12T03:03:00+00:00,1642122,products/3c0415c76556435084f5426a1a7f88ae_Image_31.png,2026-03-12T03:24:33+00:00,1642122,,,,,,,,,,,,,,,,,,,,,,,,,,,,,,
168,유기농 토마토 1kg,products/tomato/Image_53.jpg,Image_53.jpg,1,2,,products/b2c11c10e43045679834a238eec30d42_Image_53.jpg,,auto-selected latest candidate for unique suffix,products/ba83520f8bd94291bf553f4f16d56e7a_Image_53.jpg,2026-03-12T03:03:01+00:00,96482,products/b2c11c10e43045679834a238eec30d42_Image_53.jpg,2026-03-12T03:24:33+00:00,96482,,,,,,,,,,,,,,,,,,,,,,,,,,,,,,
169,프리미엄 토마토 1kg,products/tomato/Image_55.jpg,Image_55.jpg,2,4,,,,,products/b4ad28f5662b49819cac4716b55cfc80_Image_55.jpg,2026-03-12T03:02:42+00:00,121801,products/3713f4e1e92148dd85d881eb131c7cbd_Image_55.jpg,2026-03-12T03:03:01+00:00,68785,products/6e3d7aef1f5c4d44815e37fad1672c5e_Image_55.jpg,2026-03-12T03:24:12+00:00,121801,products/e20ed6cc232f4d36abfed7cb98784c74_Image_55.jpg,2026-03-12T03:24:34+00:00,68785,,,,,,,,,,,,,,,,,,,,,,,,
170,신선한 토마토 1kg,products/tomato/Image_62.png,Image_62.png,1,2,,products/235fc57b58454820a09d03886076a9f9_Image_62.png,,auto-selected latest candidate for unique suffix,products/2d9efa52874e42ffb86a6abe842e05dc_Image_62.png,2026-03-12T03:03:01+00:00,194456,products/235fc57b58454820a09d03886076a9f9_Image_62.png,2026-03-12T03:24:34+00:00,194456,,,,,,,,,,,,,,,,,,,,,,,,,,,,,,
171,신선한 순무 1kg,products/turnip/Image_65.jpg,Image_65.jpg,2,4,,,,,products/48e1e1bff6a24cd8b4e158242fe0de41_Image_65.jpg,2026-03-12T03:02:57+00:00,149213,products/8ef872430f184c5fb28cdf569d19039a_Image_65.jpg,2026-03-12T03:03:01+00:00,56654,products/7d30e455671245e18933e1dc896dac2e_Image_65.jpg,2026-03-12T03:24:29+00:00,149213,products/05f96d94d8564291bac47ed1a13f312e_Image_65.jpg,2026-03-12T03:24:34+00:00,56654,,,,,,,,,,,,,,,,,,,,,,,,
172,국내산 순무 1kg,products/turnip/Image_69.png,Image_69.png,1,2,,products/c23d59f5463d4abdac22289b2d0f4680_Image_69.png,,auto-selected latest candidate for unique suffix,products/78f6d8848ea243d096ea266adeea0f0e_Image_69.png,2026-03-12T03:03:01+00:00,13011,products/c23d59f5463d4abdac22289b2d0f4680_Image_69.png,2026-03-12T03:24:34+00:00,13011,,,,,,,,,,,,,,,,,,,,,,,,,,,,,,
173,프리미엄 순무 1kg,products/turnip/Image_7.jpg,Image_7.jpg,2,4,,,,,products/9d29c9de6e274527b52a2bc2943fd710_Image_7.jpg,2026-03-12T03:02:51+00:00,68502,products/ec98ca31e04f4956b32ea24907f82884_Image_7.jpg,2026-03-12T03:03:01+00:00,97249,products/7355875cecba4e4298b49aa2d3f736b9_Image_7.jpg,2026-03-12T03:24:22+00:00,68502,products/8821d91d656249ef8ed34b499e6984b7_Image_7.jpg,2026-03-12T03:24:34+00:00,97249,,,,,,,,,,,,,,,,,,,,,,,,
174,유기농 순무 500g,products/turnip/Image_82.jpg,Image_82.jpg,3,6,,,,,products/fea170ad90654729a921c8f822facf14_Image_82.jpg,2026-03-12T03:02:42+00:00,58451,products/2920afc26abe4bfc8195bc68dd979fe9_Image_82.jpg,2026-03-12T03:02:53+00:00,146780,products/186d41d419044e85a7f0eaae259d0ba0_Image_82.jpg,2026-03-12T03:03:01+00:00,48989,products/ba5bdb54eaa0454488dc057eda6e1835_Image_82.jpg,2026-03-12T03:24:11+00:00,58451,products/e84d0ab12ff6411b95e88dc76dce73f2_Image_82.jpg,2026-03-12T03:24:24+00:00,146780,products/cb9c9137c0be4f56a56e6f82c64698fd_Image_82.jpg,2026-03-12T03:24:34+00:00,48989,,,,,,,,,,,,,,,,,,
175,고당도 순무 500g,products/turnip/Image_99.jpg,Image_99.jpg,5,10,,,,,products/90111cf02dfd433c968b0a4ffb2b2e3e_Image_99.jpg,2026-03-12T03:02:44+00:00,539708,products/b8d1a766ba3a4c82b832a77d79824c6b_Image_99.jpg,2026-03-12T03:02:48+00:00,470656,products/b76b1685ac4543b89dcab9af745ade3f_Image_99.jpg,2026-03-12T03:02:50+00:00,171679,products/db5bf6d603de4603bda5b2b8223f7f6b_Image_99.jpg,2026-03-12T03:02:57+00:00,136130,products/6d5301b81ef74bca93bd0a4ad55270aa_Image_99.jpg,2026-03-12T03:03:01+00:00,216013,products/311f16f42c6045ed8d697e3801bdfd63_Image_99.jpg,2026-03-12T03:24:14+00:00,539708,products/526f9f08f8f04ee78b07bb25ed9eab67_Image_99.jpg,2026-03-12T03:24:19+00:00,470656,products/8a983671e80e4cabbe89685673252331_Image_99.jpg,2026-03-12T03:24:21+00:00,171679,products/abca3b11716648249ccdaed16d8e01da_Image_99.jpg,2026-03-12T03:24:30+00:00,136130,products/c9d6f9fe25914ffc964c4e6395bac6fe_Image_99.jpg,2026-03-12T03:24:34+00:00,216013,,,,,,
176,프리미엄 수박 1kg,products/watermelon/Image_15.jpg,Image_15.jpg,2,4,,,,,products/4d32be56e58340d7907289df02772f01_Image_15.jpg,2026-03-12T03:02:44+00:00,209338,products/c796d7ebcb43424baf09e3c636a2107d_Image_15.jpg,2026-03-12T03:03:01+00:00,62029,products/fa15ab4f46754f068cce153962f95ea0_Image_15.jpg,2026-03-12T03:24:14+00:00,209338,products/3e282a038324402da3b8a40a63e03adf_Image_15.jpg,2026-03-12T03:24:34+00:00,62029,,,,,,,,,,,,,,,,,,,,,,,,
177,고당도 수박 500g,products/watermelon/Image_30.jpg,Image_30.jpg,3,6,,,,,products/6dd6a999626c4d73b866dfaf7b8ae72f_Image_30.jpg,2026-03-12T03:02:54+00:00,29576,products/35d6fe219f154e2990ca3f08b06c055a_Image_30.jpg,2026-03-12T03:02:59+00:00,225395,products/a75804ce7c7146e2be7ce5499c26702c_Image_30.jpg,2026-03-12T03:03:01+00:00,125971,products/341dacc47d314c37925fc26e74bf1b3c_Image_30.jpg,2026-03-12T03:24:25+00:00,29576,products/85840ecd9aff474f82f67dcfda44861e_Image_30.jpg,2026-03-12T03:24:32+00:00,225395,products/8b50358533304a62822fb5d2e2b73ae3_Image_30.jpg,2026-03-12T03:24:34+00:00,125971,,,,,,,,,,,,,,,,,,
178,국내산 수박 500g,products/watermelon/Image_35.jpg,Image_35.jpg,2,4,,,,,products/ccf6c3875e474253a1635ff35fcce486_Image_35.jpg,2026-03-12T03:02:58+00:00,414313,products/23721bac300f4e2185e9f92c817fe976_Image_35.jpg,2026-03-12T03:03:01+00:00,207329,products/ac2eb14cf9fc4569a0293b09ad42330d_Image_35.jpg,2026-03-12T03:24:31+00:00,414313,products/13015641d39f465ca15385a3b0556f33_Image_35.jpg,2026-03-12T03:24:34+00:00,207329,,,,,,,,,,,,,,,,,,,,,,,,
179,신선한 수박 1kg,products/watermelon/Image_5.jpg,Image_5.jpg,2,4,,,,,products/0c50722ed7de412aab98b49a6e46171c_Image_5.jpg,2026-03-12T03:02:45+00:00,6760475,products/5450d9c3e7fd4850880dfd13a10dbaec_Image_5.jpg,2026-03-12T03:03:01+00:00,4751590,products/ac4635c025014ba28d42b265f35820dc_Image_5.jpg,2026-03-12T03:24:15+00:00,6760475,products/82389be8469a42a9b85edc927dee8784_Image_5.jpg,2026-03-12T03:24:34+00:00,4751590,,,,,,,,,,,,,,,,,,,,,,,,
180,유기농 수박 1kg,products/watermelon/Image_52.jpg,Image_52.jpg,2,4,,,,,products/ea3279d35ad84b5b89a3e4dbb5cec1fb_Image_52.jpg,2026-03-12T03:02:58+00:00,236304,products/603ba7059e5a40aea9b3a8efb98d92e3_Image_52.jpg,2026-03-12T03:03:02+00:00,9643933,products/ccbe6c8723d94902a600d2485d142360_Image_52.jpg,2026-03-12T03:24:31+00:00,236304,products/524fa0191e4f48cbba610bc6a63455b4_Image_52.jpg,2026-03-12T03:24:35+00:00,9643933,,,,,,,,,,,,,,,,,,,,,,,,
